"X","Time","Active","Duration","Status","ID","Age","Starve","Mass","Aphid","Agar","Brush","Harass","LeafArea","brush.harass","PRT","TrackTime"
2,21,0,24,1,"59P",1,16.83333333,0.0118,"pea","new",0,0,32.73333333,"0",496.00000002,491
4,76,0,35,1,"59P",1,16.83333333,0.0118,"pea","new",0,0,32.73333333,"0",496.00000002,491
7,170,0,23,1,"60P",1,16.58333333,0.0159,"bean","new",0,0,38.44733333,"0",19101,5396
9,251,0,24,1,"60P",1,16.58333333,0.0159,"bean","new",0,0,38.44733333,"0",19101,5396
11,311,0,20,1,"60P",1,16.58333333,0.0159,"bean","new",0,0,38.44733333,"0",19101,5396
13,437,0,32,1,"60P",1,16.58333333,0.0159,"bean","new",0,0,38.44733333,"0",19101,5396
15,550,0,33,1,"60P",1,16.58333333,0.0159,"bean","new",0,0,38.44733333,"0",19101,5396
17,606,0,22,1,"60P",1,16.58333333,0.0159,"bean","new",0,0,38.44733333,"0",19101,5396
19,641,0,47,1,"60P",1,16.58333333,0.0159,"bean","new",0,0,38.44733333,"0",19101,5396
21,1102,0,21,1,"60P",1,16.58333333,0.0159,"bean","new",0,0,38.44733333,"0",19101,5396
23,1232,0,20,1,"60P",1,16.58333333,0.0159,"bean","new",0,0,38.44733333,"0",19101,5396
25,1853,0,44,1,"60P",1,16.58333333,0.0159,"bean","new",0,0,38.44733333,"0",19101,5396
27,1931,0,26,1,"60P",1,16.58333333,0.0159,"bean","new",0,0,38.44733333,"0",19101,5396
29,3016,0,30,1,"60P",1,16.58333333,0.0159,"bean","new",0,0,38.44733333,"0",19101,5396
31,3136,0,63,1,"60P",1,16.58333333,0.0159,"bean","new",0,0,38.44733333,"0",19101,5396
33,3296,0,22,1,"60P",1,16.58333333,0.0159,"bean","new",0,0,38.44733333,"0",19101,5396
35,3396,0,27,1,"60P",1,16.58333333,0.0159,"bean","new",0,0,38.44733333,"0",19101,5396
37,3425,0,31,1,"60P",1,16.58333333,0.0159,"bean","new",0,0,38.44733333,"0",19101,5396
39,3741,0,86,1,"60P",1,16.58333333,0.0159,"bean","new",0,0,38.44733333,"0",19101,5396
41,4563,0,34,1,"60P",1,16.58333333,0.0159,"bean","new",0,0,38.44733333,"0",19101,5396
43,4645,0,21,1,"60P",1,16.58333333,0.0159,"bean","new",0,0,38.44733333,"0",19101,5396
45,4694,0,34,1,"60P",1,16.58333333,0.0159,"bean","new",0,0,38.44733333,"0",19101,5396
47,4730,0,21,1,"60P",1,16.58333333,0.0159,"bean","new",0,0,38.44733333,"0",19101,5396
49,4754,0,71,1,"60P",1,16.58333333,0.0159,"bean","new",0,0,38.44733333,"0",19101,5396
51,4959,0,34,1,"60P",1,16.58333333,0.0159,"bean","new",0,0,38.44733333,"0",19101,5396
53,5031,0,22,1,"60P",1,16.58333333,0.0159,"bean","new",0,0,38.44733333,"0",19101,5396
55,5069,0,21,1,"60P",1,16.58333333,0.0159,"bean","new",0,0,38.44733333,"0",19101,5396
57,5093,0,27,1,"60P",1,16.58333333,0.0159,"bean","new",0,0,38.44733333,"0",19101,5396
59,5153,0,74,1,"60P",1,16.58333333,0.0159,"bean","new",0,0,38.44733333,"0",19101,5396
61,5236,0,57,1,"60P",1,16.58333333,0.0159,"bean","new",0,0,38.44733333,"0",19101,5396
63,5306,0,59,1,"60P",1,16.58333333,0.0159,"bean","new",0,0,38.44733333,"0",19101,5396
66,561,0,20,1,"61P",2,21,0.0189,"pea","new",0,0,31.86666667,"0",5845.0000002,5395
68,708,0,32,1,"61P",2,21,0.0189,"pea","new",0,0,31.86666667,"0",5845.0000002,5395
70,804,0,64,1,"61P",2,21,0.0189,"pea","new",0,0,31.86666667,"0",5845.0000002,5395
72,914,0,202,1,"61P",2,21,0.0189,"pea","new",0,0,31.86666667,"0",5845.0000002,5395
74,1118,0,40,1,"61P",2,21,0.0189,"pea","new",0,0,31.86666667,"0",5845.0000002,5395
76,1160,0,49,1,"61P",2,21,0.0189,"pea","new",0,0,31.86666667,"0",5845.0000002,5395
78,1211,0,42,1,"61P",2,21,0.0189,"pea","new",0,0,31.86666667,"0",5845.0000002,5395
80,1257,0,46,1,"61P",2,21,0.0189,"pea","new",0,0,31.86666667,"0",5845.0000002,5395
82,1305,0,56,1,"61P",2,21,0.0189,"pea","new",0,0,31.86666667,"0",5845.0000002,5395
84,1365,0,64,1,"61P",2,21,0.0189,"pea","new",0,0,31.86666667,"0",5845.0000002,5395
86,1431,0,84,1,"61P",2,21,0.0189,"pea","new",0,0,31.86666667,"0",5845.0000002,5395
88,1517,0,45,1,"61P",2,21,0.0189,"pea","new",0,0,31.86666667,"0",5845.0000002,5395
90,1568,0,21,1,"61P",2,21,0.0189,"pea","new",0,0,31.86666667,"0",5845.0000002,5395
92,1591,0,38,1,"61P",2,21,0.0189,"pea","new",0,0,31.86666667,"0",5845.0000002,5395
94,1631,0,42,1,"61P",2,21,0.0189,"pea","new",0,0,31.86666667,"0",5845.0000002,5395
96,1710,0,37,1,"61P",2,21,0.0189,"pea","new",0,0,31.86666667,"0",5845.0000002,5395
98,1761,0,36,1,"61P",2,21,0.0189,"pea","new",0,0,31.86666667,"0",5845.0000002,5395
100,1834,0,22,1,"61P",2,21,0.0189,"pea","new",0,0,31.86666667,"0",5845.0000002,5395
102,1860,0,20,1,"61P",2,21,0.0189,"pea","new",0,0,31.86666667,"0",5845.0000002,5395
104,1885,0,85,1,"61P",2,21,0.0189,"pea","new",0,0,31.86666667,"0",5845.0000002,5395
106,2059,0,22,1,"61P",2,21,0.0189,"pea","new",0,0,31.86666667,"0",5845.0000002,5395
108,2085,0,20,1,"61P",2,21,0.0189,"pea","new",0,0,31.86666667,"0",5845.0000002,5395
110,2108,0,41,1,"61P",2,21,0.0189,"pea","new",0,0,31.86666667,"0",5845.0000002,5395
112,2244,0,35,1,"61P",2,21,0.0189,"pea","new",0,0,31.86666667,"0",5845.0000002,5395
114,2283,0,24,1,"61P",2,21,0.0189,"pea","new",0,0,31.86666667,"0",5845.0000002,5395
116,2352,0,53,1,"61P",2,21,0.0189,"pea","new",0,0,31.86666667,"0",5845.0000002,5395
118,2415,0,33,1,"61P",2,21,0.0189,"pea","new",0,0,31.86666667,"0",5845.0000002,5395
120,2883,0,23,1,"61P",2,21,0.0189,"pea","new",0,0,31.86666667,"0",5845.0000002,5395
122,3672,0,30,1,"61P",2,21,0.0189,"pea","new",0,0,31.86666667,"0",5845.0000002,5395
124,3914,0,22,1,"61P",2,21,0.0189,"pea","new",0,0,31.86666667,"0",5845.0000002,5395
126,3945,0,25,1,"61P",2,21,0.0189,"pea","new",0,0,31.86666667,"0",5845.0000002,5395
128,4071,0,21,1,"61P",2,21,0.0189,"pea","new",0,0,31.86666667,"0",5845.0000002,5395
130,4122,0,30,1,"61P",2,21,0.0189,"pea","new",0,0,31.86666667,"0",5845.0000002,5395
132,4167,0,20,1,"61P",2,21,0.0189,"pea","new",0,0,31.86666667,"0",5845.0000002,5395
134,4203,0,32,1,"61P",2,21,0.0189,"pea","new",0,0,31.86666667,"0",5845.0000002,5395
136,4548,0,36,1,"61P",2,21,0.0189,"pea","new",0,0,31.86666667,"0",5845.0000002,5395
138,4590,0,32,1,"61P",2,21,0.0189,"pea","new",0,0,31.86666667,"0",5845.0000002,5395
140,4624,0,48,1,"61P",2,21,0.0189,"pea","new",0,0,31.86666667,"0",5845.0000002,5395
142,4675,0,20,1,"61P",2,21,0.0189,"pea","new",0,0,31.86666667,"0",5845.0000002,5395
145,394,0,46,1,"65P",2,23.16666667,0.0222,"pea","new",1,1,31.4,"2",1579.0000002,1575
147,442,0,44,1,"65P",2,23.16666667,0.0222,"pea","new",1,1,31.4,"2",1579.0000002,1575
149,535,0,32,1,"65P",2,23.16666667,0.0222,"pea","new",1,1,31.4,"2",1579.0000002,1575
151,609,0,42,1,"65P",2,23.16666667,0.0222,"pea","new",1,1,31.4,"2",1579.0000002,1575
153,663,0,29,1,"65P",2,23.16666667,0.0222,"pea","new",1,1,31.4,"2",1579.0000002,1575
155,723,0,48,1,"65P",2,23.16666667,0.0222,"pea","new",1,1,31.4,"2",1579.0000002,1575
157,865,0,21,1,"65P",2,23.16666667,0.0222,"pea","new",1,1,31.4,"2",1579.0000002,1575
159,889,0,26,1,"65P",2,23.16666667,0.0222,"pea","new",1,1,31.4,"2",1579.0000002,1575
161,937,0,68,1,"65P",2,23.16666667,0.0222,"pea","new",1,1,31.4,"2",1579.0000002,1575
163,1024,0,60,1,"65P",2,23.16666667,0.0222,"pea","new",1,1,31.4,"2",1579.0000002,1575
165,1087,0,54,1,"65P",2,23.16666667,0.0222,"pea","new",1,1,31.4,"2",1579.0000002,1575
169,85,0,42,1,"67P",2,23.75,0.0143,"bean","new",1,1,39.87166667,"2",2617.9999998,2614
171,144,0,37,1,"67P",2,23.75,0.0143,"bean","new",1,1,39.87166667,"2",2617.9999998,2614
173,183,0,94,1,"67P",2,23.75,0.0143,"bean","new",1,1,39.87166667,"2",2617.9999998,2614
175,279,0,20,1,"67P",2,23.75,0.0143,"bean","new",1,1,39.87166667,"2",2617.9999998,2614
177,319,0,23,1,"67P",2,23.75,0.0143,"bean","new",1,1,39.87166667,"2",2617.9999998,2614
179,346,0,20,1,"67P",2,23.75,0.0143,"bean","new",1,1,39.87166667,"2",2617.9999998,2614
181,442,0,20,1,"67P",2,23.75,0.0143,"bean","new",1,1,39.87166667,"2",2617.9999998,2614
183,469,0,159,1,"67P",2,23.75,0.0143,"bean","new",1,1,39.87166667,"2",2617.9999998,2614
185,645,0,42,1,"67P",2,23.75,0.0143,"bean","new",1,1,39.87166667,"2",2617.9999998,2614
187,691,0,37,1,"67P",2,23.75,0.0143,"bean","new",1,1,39.87166667,"2",2617.9999998,2614
189,756,0,57,1,"67P",2,23.75,0.0143,"bean","new",1,1,39.87166667,"2",2617.9999998,2614
191,815,0,37,1,"67P",2,23.75,0.0143,"bean","new",1,1,39.87166667,"2",2617.9999998,2614
193,854,0,36,1,"67P",2,23.75,0.0143,"bean","new",1,1,39.87166667,"2",2617.9999998,2614
195,928,0,23,1,"67P",2,23.75,0.0143,"bean","new",1,1,39.87166667,"2",2617.9999998,2614
197,969,0,279,1,"67P",2,23.75,0.0143,"bean","new",1,1,39.87166667,"2",2617.9999998,2614
199,1256,0,41,1,"67P",2,23.75,0.0143,"bean","new",1,1,39.87166667,"2",2617.9999998,2614
201,1321,0,20,1,"67P",2,23.75,0.0143,"bean","new",1,1,39.87166667,"2",2617.9999998,2614
203,1699,0,20,1,"67P",2,23.75,0.0143,"bean","new",1,1,39.87166667,"2",2617.9999998,2614
205,1950,0,33,1,"67P",2,23.75,0.0143,"bean","new",1,1,39.87166667,"2",2617.9999998,2614
210,1,0,33,1,"70P",2,16.5,0.0177,"bean","new",0,0,39.85466667,"0",937.9999998,934
410,308,0,26,1,"70P",2,16.5,0.0177,"bean","new",0,0,39.85466667,"0",937.9999998,934
216,176,0,42,1,"74P",1,17.58333333,0.0114,"bean","used",0,0,38.09566667,"0",1078.9999998,1075
218,368,0,59,1,"74P",1,17.58333333,0.0114,"bean","used",0,0,38.09566667,"0",1078.9999998,1075
220,661,0,222,1,"74P",1,17.58333333,0.0114,"bean","used",0,0,38.09566667,"0",1078.9999998,1075
222,932,0,35,1,"74P",1,17.58333333,0.0114,"bean","used",0,0,38.09566667,"0",1078.9999998,1075
231,197,0,33,1,"87P",2,16.91666667,0.0193,"bean","used",0,0,47.78166667,"0",2746.0000002,2742
233,290,0,32,1,"87P",2,16.91666667,0.0193,"bean","used",0,0,47.78166667,"0",2746.0000002,2742
235,442,0,29,1,"87P",2,16.91666667,0.0193,"bean","used",0,0,47.78166667,"0",2746.0000002,2742
237,580,0,20,1,"87P",2,16.91666667,0.0193,"bean","used",0,0,47.78166667,"0",2746.0000002,2742
239,1033,0,66,1,"87P",2,16.91666667,0.0193,"bean","used",0,0,47.78166667,"0",2746.0000002,2742
241,1105,0,29,1,"87P",2,16.91666667,0.0193,"bean","used",0,0,47.78166667,"0",2746.0000002,2742
243,1208,0,21,1,"87P",2,16.91666667,0.0193,"bean","used",0,0,47.78166667,"0",2746.0000002,2742
247,224,0,21,1,"97P",1,16.41666667,0.0086,"bean","used",0,0,41.01666667,"0",7342.999998,5396
249,300,0,29,1,"97P",1,16.41666667,0.0086,"bean","used",0,0,41.01666667,"0",7342.999998,5396
251,348,0,50,1,"97P",1,16.41666667,0.0086,"bean","used",0,0,41.01666667,"0",7342.999998,5396
253,402,0,41,1,"97P",1,16.41666667,0.0086,"bean","used",0,0,41.01666667,"0",7342.999998,5396
255,446,0,102,1,"97P",1,16.41666667,0.0086,"bean","used",0,0,41.01666667,"0",7342.999998,5396
257,551,0,76,1,"97P",1,16.41666667,0.0086,"bean","used",0,0,41.01666667,"0",7342.999998,5396
259,629,0,28,1,"97P",1,16.41666667,0.0086,"bean","used",0,0,41.01666667,"0",7342.999998,5396
261,668,0,30,1,"97P",1,16.41666667,0.0086,"bean","used",0,0,41.01666667,"0",7342.999998,5396
263,700,0,63,1,"97P",1,16.41666667,0.0086,"bean","used",0,0,41.01666667,"0",7342.999998,5396
265,765,0,114,1,"97P",1,16.41666667,0.0086,"bean","used",0,0,41.01666667,"0",7342.999998,5396
267,891,0,38,1,"97P",1,16.41666667,0.0086,"bean","used",0,0,41.01666667,"0",7342.999998,5396
269,1000,0,21,1,"97P",1,16.41666667,0.0086,"bean","used",0,0,41.01666667,"0",7342.999998,5396
271,1041,0,33,1,"97P",1,16.41666667,0.0086,"bean","used",0,0,41.01666667,"0",7342.999998,5396
273,1176,0,27,1,"97P",1,16.41666667,0.0086,"bean","used",0,0,41.01666667,"0",7342.999998,5396
275,1241,0,21,1,"97P",1,16.41666667,0.0086,"bean","used",0,0,41.01666667,"0",7342.999998,5396
277,1377,0,34,1,"97P",1,16.41666667,0.0086,"bean","used",0,0,41.01666667,"0",7342.999998,5396
279,1424,0,165,1,"97P",1,16.41666667,0.0086,"bean","used",0,0,41.01666667,"0",7342.999998,5396
281,1593,0,125,1,"97P",1,16.41666667,0.0086,"bean","used",0,0,41.01666667,"0",7342.999998,5396
283,1837,0,37,1,"97P",1,16.41666667,0.0086,"bean","used",0,0,41.01666667,"0",7342.999998,5396
285,1876,0,31,1,"97P",1,16.41666667,0.0086,"bean","used",0,0,41.01666667,"0",7342.999998,5396
287,1911,0,25,1,"97P",1,16.41666667,0.0086,"bean","used",0,0,41.01666667,"0",7342.999998,5396
289,1938,0,80,1,"97P",1,16.41666667,0.0086,"bean","used",0,0,41.01666667,"0",7342.999998,5396
291,2022,0,47,1,"97P",1,16.41666667,0.0086,"bean","used",0,0,41.01666667,"0",7342.999998,5396
293,2190,0,27,1,"97P",1,16.41666667,0.0086,"bean","used",0,0,41.01666667,"0",7342.999998,5396
295,2223,0,39,1,"97P",1,16.41666667,0.0086,"bean","used",0,0,41.01666667,"0",7342.999998,5396
297,2869,0,82,1,"97P",1,16.41666667,0.0086,"bean","used",0,0,41.01666667,"0",7342.999998,5396
299,2955,0,21,1,"97P",1,16.41666667,0.0086,"bean","used",0,0,41.01666667,"0",7342.999998,5396
301,3012,0,27,1,"97P",1,16.41666667,0.0086,"bean","used",0,0,41.01666667,"0",7342.999998,5396
303,3066,0,20,1,"97P",1,16.41666667,0.0086,"bean","used",0,0,41.01666667,"0",7342.999998,5396
305,3345,0,20,1,"97P",1,16.41666667,0.0086,"bean","used",0,0,41.01666667,"0",7342.999998,5396
307,3381,0,21,1,"97P",1,16.41666667,0.0086,"bean","used",0,0,41.01666667,"0",7342.999998,5396
309,3465,0,21,1,"97P",1,16.41666667,0.0086,"bean","used",0,0,41.01666667,"0",7342.999998,5396
311,3519,0,36,1,"97P",1,16.41666667,0.0086,"bean","used",0,0,41.01666667,"0",7342.999998,5396
313,3578,0,45,1,"97P",1,16.41666667,0.0086,"bean","used",0,0,41.01666667,"0",7342.999998,5396
315,3719,0,27,1,"97P",1,16.41666667,0.0086,"bean","used",0,0,41.01666667,"0",7342.999998,5396
317,3928,0,69,1,"97P",1,16.41666667,0.0086,"bean","used",0,0,41.01666667,"0",7342.999998,5396
319,4008,0,27,1,"97P",1,16.41666667,0.0086,"bean","used",0,0,41.01666667,"0",7342.999998,5396
321,4113,0,23,1,"97P",1,16.41666667,0.0086,"bean","used",0,0,41.01666667,"0",7342.999998,5396
323,4203,0,30,1,"97P",1,16.41666667,0.0086,"bean","used",0,0,41.01666667,"0",7342.999998,5396
325,5088,0,50,1,"97P",1,16.41666667,0.0086,"bean","used",0,0,41.01666667,"0",7342.999998,5396
327,5140,0,49,1,"97P",1,16.41666667,0.0086,"bean","used",0,0,41.01666667,"0",7342.999998,5396
329,5211,0,23,1,"97P",1,16.41666667,0.0086,"bean","used",0,0,41.01666667,"0",7342.999998,5396
331,5238,0,105,1,"97P",1,16.41666667,0.0086,"bean","used",0,0,41.01666667,"0",7342.999998,5396
333,5346,0,49,0,"97P",1,16.41666667,0.0086,"bean","used",0,0,41.01666667,"0",7342.999998,5396
335,151,0,23,1,"99P",2,17.66666667,0.0161,"pea","used",0,0,51.25533333,"0",469.00000002,465
337,181,0,20,1,"99P",2,17.66666667,0.0161,"pea","used",0,0,51.25533333,"0",469.00000002,465
342,215,0,22,1,"106P",1,23.83333333,0.0129,"pea","used",0,0,39.012,"0",3412.0000002,3408
344,396,0,32,1,"106P",1,23.83333333,0.0129,"pea","used",0,0,39.012,"0",3412.0000002,3408
347,57,0,26,1,"107P",1,23.75,0.009,"bean","used",0,0,32.718,"0",12949.999998,5396
349,226,0,27,1,"107P",1,23.75,0.009,"bean","used",0,0,32.718,"0",12949.999998,5396
351,440,0,75,1,"107P",1,23.75,0.009,"bean","used",0,0,32.718,"0",12949.999998,5396
353,549,0,21,1,"107P",1,23.75,0.009,"bean","used",0,0,32.718,"0",12949.999998,5396
355,572,0,38,1,"107P",1,23.75,0.009,"bean","used",0,0,32.718,"0",12949.999998,5396
357,656,0,30,1,"107P",1,23.75,0.009,"bean","used",0,0,32.718,"0",12949.999998,5396
359,706,0,70,1,"107P",1,23.75,0.009,"bean","used",0,0,32.718,"0",12949.999998,5396
361,778,0,544,1,"107P",1,23.75,0.009,"bean","used",0,0,32.718,"0",12949.999998,5396
363,1324,0,174,1,"107P",1,23.75,0.009,"bean","used",0,0,32.718,"0",12949.999998,5396
365,1500,0,144,1,"107P",1,23.75,0.009,"bean","used",0,0,32.718,"0",12949.999998,5396
367,1652,0,34,1,"107P",1,23.75,0.009,"bean","used",0,0,32.718,"0",12949.999998,5396
369,1784,0,81,1,"107P",1,23.75,0.009,"bean","used",0,0,32.718,"0",12949.999998,5396
371,1867,0,24,1,"107P",1,23.75,0.009,"bean","used",0,0,32.718,"0",12949.999998,5396
373,1893,0,39,1,"107P",1,23.75,0.009,"bean","used",0,0,32.718,"0",12949.999998,5396
375,1995,0,56,1,"107P",1,23.75,0.009,"bean","used",0,0,32.718,"0",12949.999998,5396
377,2055,0,21,1,"107P",1,23.75,0.009,"bean","used",0,0,32.718,"0",12949.999998,5396
379,2123,0,28,1,"107P",1,23.75,0.009,"bean","used",0,0,32.718,"0",12949.999998,5396
381,2154,0,26,1,"107P",1,23.75,0.009,"bean","used",0,0,32.718,"0",12949.999998,5396
383,2238,0,26,1,"107P",1,23.75,0.009,"bean","used",0,0,32.718,"0",12949.999998,5396
385,2746,0,55,1,"107P",1,23.75,0.009,"bean","used",0,0,32.718,"0",12949.999998,5396
387,2805,0,45,1,"107P",1,23.75,0.009,"bean","used",0,0,32.718,"0",12949.999998,5396
389,2866,0,77,1,"107P",1,23.75,0.009,"bean","used",0,0,32.718,"0",12949.999998,5396
391,2978,0,41,1,"107P",1,23.75,0.009,"bean","used",0,0,32.718,"0",12949.999998,5396
393,3110,0,354,1,"107P",1,23.75,0.009,"bean","used",0,0,32.718,"0",12949.999998,5396
395,3466,0,288,1,"107P",1,23.75,0.009,"bean","used",0,0,32.718,"0",12949.999998,5396
397,3768,0,165,1,"107P",1,23.75,0.009,"bean","used",0,0,32.718,"0",12949.999998,5396
399,3935,0,117,1,"107P",1,23.75,0.009,"bean","used",0,0,32.718,"0",12949.999998,5396
401,4054,0,125,1,"107P",1,23.75,0.009,"bean","used",0,0,32.718,"0",12949.999998,5396
403,4265,0,36,1,"107P",1,23.75,0.009,"bean","used",0,0,32.718,"0",12949.999998,5396
405,4508,0,37,1,"107P",1,23.75,0.009,"bean","used",0,0,32.718,"0",12949.999998,5396
407,4667,0,33,1,"107P",1,23.75,0.009,"bean","used",0,0,32.718,"0",12949.999998,5396
409,4710,0,23,1,"107P",1,23.75,0.009,"bean","used",0,0,32.718,"0",12949.999998,5396
411,4735,0,23,1,"107P",1,23.75,0.009,"bean","used",0,0,32.718,"0",12949.999998,5396
413,4772,0,126,1,"107P",1,23.75,0.009,"bean","used",0,0,32.718,"0",12949.999998,5396
415,4914,0,22,1,"107P",1,23.75,0.009,"bean","used",0,0,32.718,"0",12949.999998,5396
417,4938,0,59,1,"107P",1,23.75,0.009,"bean","used",0,0,32.718,"0",12949.999998,5396
419,5024,0,27,1,"107P",1,23.75,0.009,"bean","used",0,0,32.718,"0",12949.999998,5396
421,5086,0,24,1,"107P",1,23.75,0.009,"bean","used",0,0,32.718,"0",12949.999998,5396
423,5233,0,35,1,"107P",1,23.75,0.009,"bean","used",0,0,32.718,"0",12949.999998,5396
427,406,0,20,1,"109P",1,19.66666667,0.0127,"bean","used",0,0,57.53433333,"0",21087,5396
429,451,0,22,1,"109P",1,19.66666667,0.0127,"bean","used",0,0,57.53433333,"0",21087,5396
431,486,0,49,1,"109P",1,19.66666667,0.0127,"bean","used",0,0,57.53433333,"0",21087,5396
433,796,0,33,1,"109P",1,19.66666667,0.0127,"bean","used",0,0,57.53433333,"0",21087,5396
435,892,0,50,1,"109P",1,19.66666667,0.0127,"bean","used",0,0,57.53433333,"0",21087,5396
437,1009,0,46,1,"109P",1,19.66666667,0.0127,"bean","used",0,0,57.53433333,"0",21087,5396
439,1142,0,263,1,"109P",1,19.66666667,0.0127,"bean","used",0,0,57.53433333,"0",21087,5396
441,1407,0,31,1,"109P",1,19.66666667,0.0127,"bean","used",0,0,57.53433333,"0",21087,5396
443,1450,0,32,1,"109P",1,19.66666667,0.0127,"bean","used",0,0,57.53433333,"0",21087,5396
445,1543,0,35,1,"109P",1,19.66666667,0.0127,"bean","used",0,0,57.53433333,"0",21087,5396
447,1605,0,54,1,"109P",1,19.66666667,0.0127,"bean","used",0,0,57.53433333,"0",21087,5396
449,1678,0,21,1,"109P",1,19.66666667,0.0127,"bean","used",0,0,57.53433333,"0",21087,5396
451,1916,0,26,1,"109P",1,19.66666667,0.0127,"bean","used",0,0,57.53433333,"0",21087,5396
453,2086,0,20,1,"109P",1,19.66666667,0.0127,"bean","used",0,0,57.53433333,"0",21087,5396
455,2214,0,20,1,"109P",1,19.66666667,0.0127,"bean","used",0,0,57.53433333,"0",21087,5396
457,2258,0,20,1,"109P",1,19.66666667,0.0127,"bean","used",0,0,57.53433333,"0",21087,5396
459,2801,0,50,1,"109P",1,19.66666667,0.0127,"bean","used",0,0,57.53433333,"0",21087,5396
461,3138,0,22,1,"109P",1,19.66666667,0.0127,"bean","used",0,0,57.53433333,"0",21087,5396
463,3364,0,23,1,"109P",1,19.66666667,0.0127,"bean","used",0,0,57.53433333,"0",21087,5396
465,3433,0,25,1,"109P",1,19.66666667,0.0127,"bean","used",0,0,57.53433333,"0",21087,5396
467,3595,0,21,1,"109P",1,19.66666667,0.0127,"bean","used",0,0,57.53433333,"0",21087,5396
469,3622,0,47,1,"109P",1,19.66666667,0.0127,"bean","used",0,0,57.53433333,"0",21087,5396
471,4114,0,42,1,"109P",1,19.66666667,0.0127,"bean","used",0,0,57.53433333,"0",21087,5396
473,4566,0,25,1,"109P",1,19.66666667,0.0127,"bean","used",0,0,57.53433333,"0",21087,5396
475,4876,0,26,1,"109P",1,19.66666667,0.0127,"bean","used",0,0,57.53433333,"0",21087,5396
477,4991,0,49,1,"109P",1,19.66666667,0.0127,"bean","used",0,0,57.53433333,"0",21087,5396
479,5197,0,31,1,"109P",1,19.66666667,0.0127,"bean","used",0,0,57.53433333,"0",21087,5396
481,5257,0,23,1,"109P",1,19.66666667,0.0127,"bean","used",0,0,57.53433333,"0",21087,5396
484,126,0,32,1,"110P",1,4.666666667,0.0201,"bean","used",0,0,62.14033333,"0",2980.0000002,2975
486,441,0,23,1,"110P",1,4.666666667,0.0201,"bean","used",0,0,62.14033333,"0",2980.0000002,2975
488,660,0,56,1,"110P",1,4.666666667,0.0201,"bean","used",0,0,62.14033333,"0",2980.0000002,2975
490,724,0,22,1,"110P",1,4.666666667,0.0201,"bean","used",0,0,62.14033333,"0",2980.0000002,2975
492,748,0,21,1,"110P",1,4.666666667,0.0201,"bean","used",0,0,62.14033333,"0",2980.0000002,2975
494,771,0,56,1,"110P",1,4.666666667,0.0201,"bean","used",0,0,62.14033333,"0",2980.0000002,2975
496,830,0,26,1,"110P",1,4.666666667,0.0201,"bean","used",0,0,62.14033333,"0",2980.0000002,2975
498,860,0,23,1,"110P",1,4.666666667,0.0201,"bean","used",0,0,62.14033333,"0",2980.0000002,2975
500,1389,0,22,1,"110P",1,4.666666667,0.0201,"bean","used",0,0,62.14033333,"0",2980.0000002,2975
505,99,0,42,1,"113P",1,19.75,0.0143,"bean","used",0,0,56.46466667,"0",22996.000002,5396
507,143,0,37,1,"113P",1,19.75,0.0143,"bean","used",0,0,56.46466667,"0",22996.000002,5396
509,439,0,34,1,"113P",1,19.75,0.0143,"bean","used",0,0,56.46466667,"0",22996.000002,5396
511,665,0,24,1,"113P",1,19.75,0.0143,"bean","used",0,0,56.46466667,"0",22996.000002,5396
513,792,0,20,1,"113P",1,19.75,0.0143,"bean","used",0,0,56.46466667,"0",22996.000002,5396
515,933,0,29,1,"113P",1,19.75,0.0143,"bean","used",0,0,56.46466667,"0",22996.000002,5396
517,1092,0,31,1,"113P",1,19.75,0.0143,"bean","used",0,0,56.46466667,"0",22996.000002,5396
519,1200,0,26,1,"113P",1,19.75,0.0143,"bean","used",0,0,56.46466667,"0",22996.000002,5396
521,1288,0,25,1,"113P",1,19.75,0.0143,"bean","used",0,0,56.46466667,"0",22996.000002,5396
523,1327,0,36,1,"113P",1,19.75,0.0143,"bean","used",0,0,56.46466667,"0",22996.000002,5396
525,1374,0,79,1,"113P",1,19.75,0.0143,"bean","used",0,0,56.46466667,"0",22996.000002,5396
527,1458,0,29,1,"113P",1,19.75,0.0143,"bean","used",0,0,56.46466667,"0",22996.000002,5396
529,2411,0,21,1,"113P",1,19.75,0.0143,"bean","used",0,0,56.46466667,"0",22996.000002,5396
531,2493,0,38,1,"113P",1,19.75,0.0143,"bean","used",0,0,56.46466667,"0",22996.000002,5396
533,2768,0,48,1,"113P",1,19.75,0.0143,"bean","used",0,0,56.46466667,"0",22996.000002,5396
535,3054,0,21,1,"113P",1,19.75,0.0143,"bean","used",0,0,56.46466667,"0",22996.000002,5396
537,3267,0,26,1,"113P",1,19.75,0.0143,"bean","used",0,0,56.46466667,"0",22996.000002,5396
539,3346,0,28,1,"113P",1,19.75,0.0143,"bean","used",0,0,56.46466667,"0",22996.000002,5396
541,3451,0,20,1,"113P",1,19.75,0.0143,"bean","used",0,0,56.46466667,"0",22996.000002,5396
543,3529,0,27,1,"113P",1,19.75,0.0143,"bean","used",0,0,56.46466667,"0",22996.000002,5396
545,3558,0,51,1,"113P",1,19.75,0.0143,"bean","used",0,0,56.46466667,"0",22996.000002,5396
547,3611,0,228,1,"113P",1,19.75,0.0143,"bean","used",0,0,56.46466667,"0",22996.000002,5396
549,3841,0,63,1,"113P",1,19.75,0.0143,"bean","used",0,0,56.46466667,"0",22996.000002,5396
551,3957,0,25,1,"113P",1,19.75,0.0143,"bean","used",0,0,56.46466667,"0",22996.000002,5396
553,4107,0,23,1,"113P",1,19.75,0.0143,"bean","used",0,0,56.46466667,"0",22996.000002,5396
555,4243,0,41,1,"113P",1,19.75,0.0143,"bean","used",0,0,56.46466667,"0",22996.000002,5396
557,4287,0,26,1,"113P",1,19.75,0.0143,"bean","used",0,0,56.46466667,"0",22996.000002,5396
559,4358,0,264,1,"113P",1,19.75,0.0143,"bean","used",0,0,56.46466667,"0",22996.000002,5396
561,4625,0,139,1,"113P",1,19.75,0.0143,"bean","used",0,0,56.46466667,"0",22996.000002,5396
563,4766,0,27,1,"113P",1,19.75,0.0143,"bean","used",0,0,56.46466667,"0",22996.000002,5396
565,4795,0,40,1,"113P",1,19.75,0.0143,"bean","used",0,0,56.46466667,"0",22996.000002,5396
567,5004,0,23,1,"113P",1,19.75,0.0143,"bean","used",0,0,56.46466667,"0",22996.000002,5396
569,5146,0,249,0,"113P",1,19.75,0.0143,"bean","used",0,0,56.46466667,"0",22996.000002,5396
571,1939,0,21,1,"115P",1,14.91666667,0.0142,"pea","used",0,0,51.90166667,"0",4957.9999998,4958
573,1982,0,31,1,"115P",1,14.91666667,0.0142,"pea","used",0,0,51.90166667,"0",4957.9999998,4958
575,2046,0,68,1,"115P",1,14.91666667,0.0142,"pea","used",0,0,51.90166667,"0",4957.9999998,4958
577,2147,0,45,1,"115P",1,14.91666667,0.0142,"pea","used",0,0,51.90166667,"0",4957.9999998,4958
579,2291,0,84,1,"115P",1,14.91666667,0.0142,"pea","used",0,0,51.90166667,"0",4957.9999998,4958
581,2702,0,26,1,"115P",1,14.91666667,0.0142,"pea","used",0,0,51.90166667,"0",4957.9999998,4958
583,2768,0,22,1,"115P",1,14.91666667,0.0142,"pea","used",0,0,51.90166667,"0",4957.9999998,4958
585,2793,0,48,1,"115P",1,14.91666667,0.0142,"pea","used",0,0,51.90166667,"0",4957.9999998,4958
587,2864,0,25,1,"115P",1,14.91666667,0.0142,"pea","used",0,0,51.90166667,"0",4957.9999998,4958
589,3227,0,20,1,"115P",1,14.91666667,0.0142,"pea","used",0,0,51.90166667,"0",4957.9999998,4958
591,3593,0,23,1,"115P",1,14.91666667,0.0142,"pea","used",0,0,51.90166667,"0",4957.9999998,4958
593,3659,0,22,1,"115P",1,14.91666667,0.0142,"pea","used",0,0,51.90166667,"0",4957.9999998,4958
595,4024,0,20,1,"115P",1,14.91666667,0.0142,"pea","used",0,0,51.90166667,"0",4957.9999998,4958
597,4058,0,53,1,"115P",1,14.91666667,0.0142,"pea","used",0,0,51.90166667,"0",4957.9999998,4958
599,4695,0,44,1,"115P",1,14.91666667,0.0142,"pea","used",0,0,51.90166667,"0",4957.9999998,4958
602,467,0,26,1,"119P",2,8.166666667,0.0265,"pea","used",0,0,39.81366667,"0",6937.000002,5396
604,2143,0,42,1,"119P",2,8.166666667,0.0265,"pea","used",0,0,39.81366667,"0",6937.000002,5396
606,2187,0,49,1,"119P",2,8.166666667,0.0265,"pea","used",0,0,39.81366667,"0",6937.000002,5396
608,2261,0,23,1,"119P",2,8.166666667,0.0265,"pea","used",0,0,39.81366667,"0",6937.000002,5396
610,2680,0,39,1,"119P",2,8.166666667,0.0265,"pea","used",0,0,39.81366667,"0",6937.000002,5396
612,2996,0,47,1,"119P",2,8.166666667,0.0265,"pea","used",0,0,39.81366667,"0",6937.000002,5396
614,3050,0,29,1,"119P",2,8.166666667,0.0265,"pea","used",0,0,39.81366667,"0",6937.000002,5396
616,3081,0,38,1,"119P",2,8.166666667,0.0265,"pea","used",0,0,39.81366667,"0",6937.000002,5396
618,3140,0,35,1,"119P",2,8.166666667,0.0265,"pea","used",0,0,39.81366667,"0",6937.000002,5396
620,3470,0,26,1,"119P",2,8.166666667,0.0265,"pea","used",0,0,39.81366667,"0",6937.000002,5396
622,4292,0,21,1,"119P",2,8.166666667,0.0265,"pea","used",0,0,39.81366667,"0",6937.000002,5396
627,1158,0,31,1,"122P",2,2.166666667,0.0322,"pea","used",0,0,42.62066667,"0",20649,5396
629,1514,0,38,1,"122P",2,2.166666667,0.0322,"pea","used",0,0,42.62066667,"0",20649,5396
631,3002,0,38,1,"122P",2,2.166666667,0.0322,"pea","used",0,0,42.62066667,"0",20649,5396
633,3134,0,42,1,"122P",2,2.166666667,0.0322,"pea","used",0,0,42.62066667,"0",20649,5396
635,3236,0,26,1,"122P",2,2.166666667,0.0322,"pea","used",0,0,42.62066667,"0",20649,5396
637,3272,0,29,1,"122P",2,2.166666667,0.0322,"pea","used",0,0,42.62066667,"0",20649,5396
639,4535,0,62,1,"122P",2,2.166666667,0.0322,"pea","used",0,0,42.62066667,"0",20649,5396
641,4670,0,32,1,"122P",2,2.166666667,0.0322,"pea","used",0,0,42.62066667,"0",20649,5396
643,4878,0,41,1,"122P",2,2.166666667,0.0322,"pea","used",0,0,42.62066667,"0",20649,5396
645,4948,0,55,1,"122P",2,2.166666667,0.0322,"pea","used",0,0,42.62066667,"0",20649,5396
647,5159,0,24,1,"122P",2,2.166666667,0.0322,"pea","used",0,0,42.62066667,"0",20649,5396
649,5323,0,21,1,"122P",2,2.166666667,0.0322,"pea","used",0,0,42.62066667,"0",20649,5396
652,1178,0,27,1,"125P",1,3.25,0.0312,"pea","used",0,0,48.76833333,"0",3442.9999998,3439
655,268,0,48,1,"127P",1,23.98333333,0.011,"bean","used",1,1,42.96666667,"2",7362,5396
657,500,0,27,1,"127P",1,23.98333333,0.011,"bean","used",1,1,42.96666667,"2",7362,5396
659,812,0,29,1,"127P",1,23.98333333,0.011,"bean","used",1,1,42.96666667,"2",7362,5396
661,873,0,20,1,"127P",1,23.98333333,0.011,"bean","used",1,1,42.96666667,"2",7362,5396
663,923,0,32,1,"127P",1,23.98333333,0.011,"bean","used",1,1,42.96666667,"2",7362,5396
665,984,0,27,1,"127P",1,23.98333333,0.011,"bean","used",1,1,42.96666667,"2",7362,5396
667,1256,0,47,1,"127P",1,23.98333333,0.011,"bean","used",1,1,42.96666667,"2",7362,5396
669,1310,0,26,1,"127P",1,23.98333333,0.011,"bean","used",1,1,42.96666667,"2",7362,5396
671,1340,0,50,1,"127P",1,23.98333333,0.011,"bean","used",1,1,42.96666667,"2",7362,5396
673,1400,0,23,1,"127P",1,23.98333333,0.011,"bean","used",1,1,42.96666667,"2",7362,5396
675,1432,0,24,1,"127P",1,23.98333333,0.011,"bean","used",1,1,42.96666667,"2",7362,5396
677,1493,0,21,1,"127P",1,23.98333333,0.011,"bean","used",1,1,42.96666667,"2",7362,5396
679,1529,0,20,1,"127P",1,23.98333333,0.011,"bean","used",1,1,42.96666667,"2",7362,5396
681,1580,0,44,1,"127P",1,23.98333333,0.011,"bean","used",1,1,42.96666667,"2",7362,5396
683,1628,0,42,1,"127P",1,23.98333333,0.011,"bean","used",1,1,42.96666667,"2",7362,5396
685,1700,0,20,1,"127P",1,23.98333333,0.011,"bean","used",1,1,42.96666667,"2",7362,5396
687,1724,0,24,1,"127P",1,23.98333333,0.011,"bean","used",1,1,42.96666667,"2",7362,5396
689,1775,0,35,1,"127P",1,23.98333333,0.011,"bean","used",1,1,42.96666667,"2",7362,5396
691,1988,0,29,1,"127P",1,23.98333333,0.011,"bean","used",1,1,42.96666667,"2",7362,5396
693,2024,0,33,1,"127P",1,23.98333333,0.011,"bean","used",1,1,42.96666667,"2",7362,5396
695,2104,0,41,1,"127P",1,23.98333333,0.011,"bean","used",1,1,42.96666667,"2",7362,5396
697,2240,0,21,1,"127P",1,23.98333333,0.011,"bean","used",1,1,42.96666667,"2",7362,5396
699,2285,0,38,1,"127P",1,23.98333333,0.011,"bean","used",1,1,42.96666667,"2",7362,5396
701,2335,0,25,1,"127P",1,23.98333333,0.011,"bean","used",1,1,42.96666667,"2",7362,5396
703,2367,0,42,1,"127P",1,23.98333333,0.011,"bean","used",1,1,42.96666667,"2",7362,5396
705,2411,0,53,1,"127P",1,23.98333333,0.011,"bean","used",1,1,42.96666667,"2",7362,5396
707,2468,0,59,1,"127P",1,23.98333333,0.011,"bean","used",1,1,42.96666667,"2",7362,5396
709,2538,0,67,1,"127P",1,23.98333333,0.011,"bean","used",1,1,42.96666667,"2",7362,5396
711,2610,0,39,1,"127P",1,23.98333333,0.011,"bean","used",1,1,42.96666667,"2",7362,5396
713,2669,0,32,1,"127P",1,23.98333333,0.011,"bean","used",1,1,42.96666667,"2",7362,5396
715,2801,0,21,1,"127P",1,23.98333333,0.011,"bean","used",1,1,42.96666667,"2",7362,5396
717,2825,0,45,1,"127P",1,23.98333333,0.011,"bean","used",1,1,42.96666667,"2",7362,5396
719,2879,0,35,1,"127P",1,23.98333333,0.011,"bean","used",1,1,42.96666667,"2",7362,5396
721,2918,0,38,1,"127P",1,23.98333333,0.011,"bean","used",1,1,42.96666667,"2",7362,5396
723,2960,0,20,1,"127P",1,23.98333333,0.011,"bean","used",1,1,42.96666667,"2",7362,5396
725,2996,0,71,1,"127P",1,23.98333333,0.011,"bean","used",1,1,42.96666667,"2",7362,5396
727,3074,0,54,1,"127P",1,23.98333333,0.011,"bean","used",1,1,42.96666667,"2",7362,5396
729,3131,0,21,1,"127P",1,23.98333333,0.011,"bean","used",1,1,42.96666667,"2",7362,5396
731,3173,0,41,1,"127P",1,23.98333333,0.011,"bean","used",1,1,42.96666667,"2",7362,5396
733,3238,0,45,1,"127P",1,23.98333333,0.011,"bean","used",1,1,42.96666667,"2",7362,5396
735,3347,0,27,1,"127P",1,23.98333333,0.011,"bean","used",1,1,42.96666667,"2",7362,5396
737,3389,0,58,1,"127P",1,23.98333333,0.011,"bean","used",1,1,42.96666667,"2",7362,5396
739,3604,0,30,1,"127P",1,23.98333333,0.011,"bean","used",1,1,42.96666667,"2",7362,5396
741,3662,0,33,1,"127P",1,23.98333333,0.011,"bean","used",1,1,42.96666667,"2",7362,5396
743,4568,0,20,1,"127P",1,23.98333333,0.011,"bean","used",1,1,42.96666667,"2",7362,5396
746,74,0,27,1,"128P",1,23.58333333,0.0092,"bean","used",0,0,39.99966667,"0",31360.000002,5396
748,115,0,48,1,"128P",1,23.58333333,0.0092,"bean","used",0,0,39.99966667,"0",31360.000002,5396
750,404,0,99,1,"128P",1,23.58333333,0.0092,"bean","used",0,0,39.99966667,"0",31360.000002,5396
752,581,0,26,1,"128P",1,23.58333333,0.0092,"bean","used",0,0,39.99966667,"0",31360.000002,5396
754,749,0,26,1,"128P",1,23.58333333,0.0092,"bean","used",0,0,39.99966667,"0",31360.000002,5396
756,1058,0,25,1,"128P",1,23.58333333,0.0092,"bean","used",0,0,39.99966667,"0",31360.000002,5396
758,1103,0,29,1,"128P",1,23.58333333,0.0092,"bean","used",0,0,39.99966667,"0",31360.000002,5396
760,1148,0,23,1,"128P",1,23.58333333,0.0092,"bean","used",0,0,39.99966667,"0",31360.000002,5396
762,1285,0,26,1,"128P",1,23.58333333,0.0092,"bean","used",0,0,39.99966667,"0",31360.000002,5396
764,1737,0,25,1,"128P",1,23.58333333,0.0092,"bean","used",0,0,39.99966667,"0",31360.000002,5396
766,2081,0,20,1,"128P",1,23.58333333,0.0092,"bean","used",0,0,39.99966667,"0",31360.000002,5396
768,2195,0,26,1,"128P",1,23.58333333,0.0092,"bean","used",0,0,39.99966667,"0",31360.000002,5396
770,2329,0,21,1,"128P",1,23.58333333,0.0092,"bean","used",0,0,39.99966667,"0",31360.000002,5396
772,2546,0,38,1,"128P",1,23.58333333,0.0092,"bean","used",0,0,39.99966667,"0",31360.000002,5396
774,2679,0,20,1,"128P",1,23.58333333,0.0092,"bean","used",0,0,39.99966667,"0",31360.000002,5396
776,2705,0,35,1,"128P",1,23.58333333,0.0092,"bean","used",0,0,39.99966667,"0",31360.000002,5396
778,2756,0,36,1,"128P",1,23.58333333,0.0092,"bean","used",0,0,39.99966667,"0",31360.000002,5396
780,2814,0,22,1,"128P",1,23.58333333,0.0092,"bean","used",0,0,39.99966667,"0",31360.000002,5396
782,2918,0,21,1,"128P",1,23.58333333,0.0092,"bean","used",0,0,39.99966667,"0",31360.000002,5396
784,2975,0,28,1,"128P",1,23.58333333,0.0092,"bean","used",0,0,39.99966667,"0",31360.000002,5396
786,3023,0,23,1,"128P",1,23.58333333,0.0092,"bean","used",0,0,39.99966667,"0",31360.000002,5396
788,3053,0,21,1,"128P",1,23.58333333,0.0092,"bean","used",0,0,39.99966667,"0",31360.000002,5396
790,3089,0,29,1,"128P",1,23.58333333,0.0092,"bean","used",0,0,39.99966667,"0",31360.000002,5396
792,3128,0,60,1,"128P",1,23.58333333,0.0092,"bean","used",0,0,39.99966667,"0",31360.000002,5396
794,3191,0,50,1,"128P",1,23.58333333,0.0092,"bean","used",0,0,39.99966667,"0",31360.000002,5396
796,3260,0,24,1,"128P",1,23.58333333,0.0092,"bean","used",0,0,39.99966667,"0",31360.000002,5396
798,3286,0,33,1,"128P",1,23.58333333,0.0092,"bean","used",0,0,39.99966667,"0",31360.000002,5396
800,3321,0,25,1,"128P",1,23.58333333,0.0092,"bean","used",0,0,39.99966667,"0",31360.000002,5396
802,3348,0,66,1,"128P",1,23.58333333,0.0092,"bean","used",0,0,39.99966667,"0",31360.000002,5396
804,3416,0,26,1,"128P",1,23.58333333,0.0092,"bean","used",0,0,39.99966667,"0",31360.000002,5396
806,3448,0,21,1,"128P",1,23.58333333,0.0092,"bean","used",0,0,39.99966667,"0",31360.000002,5396
808,3471,0,25,1,"128P",1,23.58333333,0.0092,"bean","used",0,0,39.99966667,"0",31360.000002,5396
810,3500,0,32,1,"128P",1,23.58333333,0.0092,"bean","used",0,0,39.99966667,"0",31360.000002,5396
812,3534,0,62,1,"128P",1,23.58333333,0.0092,"bean","used",0,0,39.99966667,"0",31360.000002,5396
814,3598,0,32,1,"128P",1,23.58333333,0.0092,"bean","used",0,0,39.99966667,"0",31360.000002,5396
816,3644,0,80,1,"128P",1,23.58333333,0.0092,"bean","used",0,0,39.99966667,"0",31360.000002,5396
818,3770,0,23,1,"128P",1,23.58333333,0.0092,"bean","used",0,0,39.99966667,"0",31360.000002,5396
820,4106,0,35,1,"128P",1,23.58333333,0.0092,"bean","used",0,0,39.99966667,"0",31360.000002,5396
822,4145,0,94,1,"128P",1,23.58333333,0.0092,"bean","used",0,0,39.99966667,"0",31360.000002,5396
824,4267,0,48,1,"128P",1,23.58333333,0.0092,"bean","used",0,0,39.99966667,"0",31360.000002,5396
826,4331,0,56,1,"128P",1,23.58333333,0.0092,"bean","used",0,0,39.99966667,"0",31360.000002,5396
828,4451,0,23,1,"128P",1,23.58333333,0.0092,"bean","used",0,0,39.99966667,"0",31360.000002,5396
830,4523,0,23,1,"128P",1,23.58333333,0.0092,"bean","used",0,0,39.99966667,"0",31360.000002,5396
832,4550,0,37,1,"128P",1,23.58333333,0.0092,"bean","used",0,0,39.99966667,"0",31360.000002,5396
834,4679,0,26,1,"128P",1,23.58333333,0.0092,"bean","used",0,0,39.99966667,"0",31360.000002,5396
836,4721,0,21,1,"128P",1,23.58333333,0.0092,"bean","used",0,0,39.99966667,"0",31360.000002,5396
838,4861,0,23,1,"128P",1,23.58333333,0.0092,"bean","used",0,0,39.99966667,"0",31360.000002,5396
840,4891,0,21,1,"128P",1,23.58333333,0.0092,"bean","used",0,0,39.99966667,"0",31360.000002,5396
842,5066,0,33,1,"128P",1,23.58333333,0.0092,"bean","used",0,0,39.99966667,"0",31360.000002,5396
844,5200,0,37,1,"128P",1,23.58333333,0.0092,"bean","used",0,0,39.99966667,"0",31360.000002,5396
846,5372,0,23,0,"128P",1,23.58333333,0.0092,"bean","used",0,0,39.99966667,"0",31360.000002,5396
848,339,0,22,1,"131P",1,4.5,0.0153,"pea","used",0,0,46.09766667,"0",42802.000002,5396
850,709,0,92,1,"131P",1,4.5,0.0153,"pea","used",0,0,46.09766667,"0",42802.000002,5396
852,851,0,29,1,"131P",1,4.5,0.0153,"pea","used",0,0,46.09766667,"0",42802.000002,5396
854,890,0,33,1,"131P",1,4.5,0.0153,"pea","used",0,0,46.09766667,"0",42802.000002,5396
856,925,0,26,1,"131P",1,4.5,0.0153,"pea","used",0,0,46.09766667,"0",42802.000002,5396
858,1058,0,21,1,"131P",1,4.5,0.0153,"pea","used",0,0,46.09766667,"0",42802.000002,5396
860,1153,0,259,1,"131P",1,4.5,0.0153,"pea","used",0,0,46.09766667,"0",42802.000002,5396
862,1596,0,29,1,"131P",1,4.5,0.0153,"pea","used",0,0,46.09766667,"0",42802.000002,5396
864,1732,0,31,1,"131P",1,4.5,0.0153,"pea","used",0,0,46.09766667,"0",42802.000002,5396
866,1765,0,49,1,"131P",1,4.5,0.0153,"pea","used",0,0,46.09766667,"0",42802.000002,5396
868,1818,0,51,1,"131P",1,4.5,0.0153,"pea","used",0,0,46.09766667,"0",42802.000002,5396
870,1872,0,26,1,"131P",1,4.5,0.0153,"pea","used",0,0,46.09766667,"0",42802.000002,5396
872,1900,0,46,1,"131P",1,4.5,0.0153,"pea","used",0,0,46.09766667,"0",42802.000002,5396
874,1968,0,231,1,"131P",1,4.5,0.0153,"pea","used",0,0,46.09766667,"0",42802.000002,5396
876,2201,0,108,1,"131P",1,4.5,0.0153,"pea","used",0,0,46.09766667,"0",42802.000002,5396
878,2607,0,104,1,"131P",1,4.5,0.0153,"pea","used",0,0,46.09766667,"0",42802.000002,5396
880,2713,0,58,1,"131P",1,4.5,0.0153,"pea","used",0,0,46.09766667,"0",42802.000002,5396
882,2773,0,193,1,"131P",1,4.5,0.0153,"pea","used",0,0,46.09766667,"0",42802.000002,5396
884,2970,0,33,1,"131P",1,4.5,0.0153,"pea","used",0,0,46.09766667,"0",42802.000002,5396
886,3012,0,29,1,"131P",1,4.5,0.0153,"pea","used",0,0,46.09766667,"0",42802.000002,5396
888,3063,0,26,1,"131P",1,4.5,0.0153,"pea","used",0,0,46.09766667,"0",42802.000002,5396
890,3093,0,29,1,"131P",1,4.5,0.0153,"pea","used",0,0,46.09766667,"0",42802.000002,5396
892,3282,0,24,1,"131P",1,4.5,0.0153,"pea","used",0,0,46.09766667,"0",42802.000002,5396
894,3750,0,73,1,"131P",1,4.5,0.0153,"pea","used",0,0,46.09766667,"0",42802.000002,5396
896,4077,0,21,1,"131P",1,4.5,0.0153,"pea","used",0,0,46.09766667,"0",42802.000002,5396
898,4308,0,44,1,"131P",1,4.5,0.0153,"pea","used",0,0,46.09766667,"0",42802.000002,5396
900,4368,0,32,1,"131P",1,4.5,0.0153,"pea","used",0,0,46.09766667,"0",42802.000002,5396
902,4485,0,54,1,"131P",1,4.5,0.0153,"pea","used",0,0,46.09766667,"0",42802.000002,5396
904,4541,0,25,1,"131P",1,4.5,0.0153,"pea","used",0,0,46.09766667,"0",42802.000002,5396
906,4595,0,53,1,"131P",1,4.5,0.0153,"pea","used",0,0,46.09766667,"0",42802.000002,5396
908,4795,0,25,1,"131P",1,4.5,0.0153,"pea","used",0,0,46.09766667,"0",42802.000002,5396
910,4866,0,35,1,"131P",1,4.5,0.0153,"pea","used",0,0,46.09766667,"0",42802.000002,5396
912,5169,0,20,1,"131P",1,4.5,0.0153,"pea","used",0,0,46.09766667,"0",42802.000002,5396
914,5251,0,46,1,"131P",1,4.5,0.0153,"pea","used",0,0,46.09766667,"0",42802.000002,5396
917,1193,0,26,1,"132P",1,6.25,0.0118,"pea","used",0,0,44.36066667,"0",3913.0000002,3909
919,1227,0,26,1,"132P",1,6.25,0.0118,"pea","used",0,0,44.36066667,"0",3913.0000002,3909
921,1435,0,45,1,"132P",1,6.25,0.0118,"pea","used",0,0,44.36066667,"0",3913.0000002,3909
923,1780,0,35,1,"132P",1,6.25,0.0118,"pea","used",0,0,44.36066667,"0",3913.0000002,3909
925,1882,0,26,1,"132P",1,6.25,0.0118,"pea","used",0,0,44.36066667,"0",3913.0000002,3909
927,2156,0,217,1,"132P",1,6.25,0.0118,"pea","used",0,0,44.36066667,"0",3913.0000002,3909
929,2375,0,67,1,"132P",1,6.25,0.0118,"pea","used",0,0,44.36066667,"0",3913.0000002,3909
931,2664,0,57,1,"132P",1,6.25,0.0118,"pea","used",0,0,44.36066667,"0",3913.0000002,3909
933,2866,0,21,1,"132P",1,6.25,0.0118,"pea","used",0,0,44.36066667,"0",3913.0000002,3909
935,3205,0,56,1,"132P",1,6.25,0.0118,"pea","used",0,0,44.36066667,"0",3913.0000002,3909
937,3265,0,38,1,"132P",1,6.25,0.0118,"pea","used",0,0,44.36066667,"0",3913.0000002,3909
939,3685,0,23,1,"132P",1,6.25,0.0118,"pea","used",0,0,44.36066667,"0",3913.0000002,3909
942,214,0,20,1,"135P",1,13.41666667,0.02,"bean","new",0,0,55.45066667,"0",34350,5396
944,556,0,155,1,"135P",1,13.41666667,0.02,"bean","new",0,0,55.45066667,"0",34350,5396
946,814,0,23,1,"135P",1,13.41666667,0.02,"bean","new",0,0,55.45066667,"0",34350,5396
948,1500,0,33,1,"135P",1,13.41666667,0.02,"bean","new",0,0,55.45066667,"0",34350,5396
950,1593,0,36,1,"135P",1,13.41666667,0.02,"bean","new",0,0,55.45066667,"0",34350,5396
952,1633,0,24,1,"135P",1,13.41666667,0.02,"bean","new",0,0,55.45066667,"0",34350,5396
954,1845,0,39,1,"135P",1,13.41666667,0.02,"bean","new",0,0,55.45066667,"0",34350,5396
956,1935,0,26,1,"135P",1,13.41666667,0.02,"bean","new",0,0,55.45066667,"0",34350,5396
958,2097,0,26,1,"135P",1,13.41666667,0.02,"bean","new",0,0,55.45066667,"0",34350,5396
960,2215,0,62,1,"135P",1,13.41666667,0.02,"bean","new",0,0,55.45066667,"0",34350,5396
962,2519,0,73,1,"135P",1,13.41666667,0.02,"bean","new",0,0,55.45066667,"0",34350,5396
964,2843,0,23,1,"135P",1,13.41666667,0.02,"bean","new",0,0,55.45066667,"0",34350,5396
966,2911,0,23,1,"135P",1,13.41666667,0.02,"bean","new",0,0,55.45066667,"0",34350,5396
968,2938,0,29,1,"135P",1,13.41666667,0.02,"bean","new",0,0,55.45066667,"0",34350,5396
970,3030,0,40,1,"135P",1,13.41666667,0.02,"bean","new",0,0,55.45066667,"0",34350,5396
972,3073,0,70,1,"135P",1,13.41666667,0.02,"bean","new",0,0,55.45066667,"0",34350,5396
974,3252,0,30,1,"135P",1,13.41666667,0.02,"bean","new",0,0,55.45066667,"0",34350,5396
976,3601,0,20,1,"135P",1,13.41666667,0.02,"bean","new",0,0,55.45066667,"0",34350,5396
978,3682,0,57,1,"135P",1,13.41666667,0.02,"bean","new",0,0,55.45066667,"0",34350,5396
980,3744,0,24,1,"135P",1,13.41666667,0.02,"bean","new",0,0,55.45066667,"0",34350,5396
982,3770,0,24,1,"135P",1,13.41666667,0.02,"bean","new",0,0,55.45066667,"0",34350,5396
984,4152,0,28,1,"135P",1,13.41666667,0.02,"bean","new",0,0,55.45066667,"0",34350,5396
986,4309,0,23,1,"135P",1,13.41666667,0.02,"bean","new",0,0,55.45066667,"0",34350,5396
988,4360,0,101,1,"135P",1,13.41666667,0.02,"bean","new",0,0,55.45066667,"0",34350,5396
990,4463,0,42,1,"135P",1,13.41666667,0.02,"bean","new",0,0,55.45066667,"0",34350,5396
992,4507,0,35,1,"135P",1,13.41666667,0.02,"bean","new",0,0,55.45066667,"0",34350,5396
994,4546,0,27,1,"135P",1,13.41666667,0.02,"bean","new",0,0,55.45066667,"0",34350,5396
996,4576,0,30,1,"135P",1,13.41666667,0.02,"bean","new",0,0,55.45066667,"0",34350,5396
998,4608,0,348,1,"135P",1,13.41666667,0.02,"bean","new",0,0,55.45066667,"0",34350,5396
1000,4960,0,242,1,"135P",1,13.41666667,0.02,"bean","new",0,0,55.45066667,"0",34350,5396
1002,5221,0,38,1,"135P",1,13.41666667,0.02,"bean","new",0,0,55.45066667,"0",34350,5396
1005,438,0,75,1,"136P",1,11.91666667,0.017,"pea","new",0,0,47.13966667,"0",1191,1187
1007,515,0,21,1,"136P",1,11.91666667,0.017,"pea","new",0,0,47.13966667,"0",1191,1187
1009,540,0,42,1,"136P",1,11.91666667,0.017,"pea","new",0,0,47.13966667,"0",1191,1187
1011,628,0,129,1,"136P",1,11.91666667,0.017,"pea","new",0,0,47.13966667,"0",1191,1187
1013,759,0,173,1,"136P",1,11.91666667,0.017,"pea","new",0,0,47.13966667,"0",1191,1187
1015,936,0,66,1,"136P",1,11.91666667,0.017,"pea","new",0,0,47.13966667,"0",1191,1187
1017,1004,0,47,1,"136P",1,11.91666667,0.017,"pea","new",0,0,47.13966667,"0",1191,1187
1019,1053,0,20,1,"136P",1,11.91666667,0.017,"pea","new",0,0,47.13966667,"0",1191,1187
1021,1081,0,24,1,"136P",1,11.91666667,0.017,"pea","new",0,0,47.13966667,"0",1191,1187
1024,225,0,23,1,"139P",1,4.75,0.0205,"pea","new",0,0,45.937,"0",4584,4579
1026,250,0,24,1,"139P",1,4.75,0.0205,"pea","new",0,0,45.937,"0",4584,4579
1028,324,0,20,1,"139P",1,4.75,0.0205,"pea","new",0,0,45.937,"0",4584,4579
1030,411,0,23,1,"139P",1,4.75,0.0205,"pea","new",0,0,45.937,"0",4584,4579
1032,3146,0,27,1,"139P",1,4.75,0.0205,"pea","new",0,0,45.937,"0",4584,4579
1034,3749,0,29,1,"139P",1,4.75,0.0205,"pea","new",0,0,45.937,"0",4584,4579
1036,3876,0,27,1,"139P",1,4.75,0.0205,"pea","new",0,0,45.937,"0",4584,4579
1038,4399,0,40,1,"139P",1,4.75,0.0205,"pea","new",0,0,45.937,"0",4584,4579
1040,4480,0,20,1,"139P",1,4.75,0.0205,"pea","new",0,0,45.937,"0",4584,4579
1042,4503,0,23,1,"139P",1,4.75,0.0205,"pea","new",0,0,45.937,"0",4584,4579
1044,4533,0,21,1,"139P",1,4.75,0.0205,"pea","new",0,0,45.937,"0",4584,4579
1047,84,0,29,1,"140P",1,4.916666667,0.0183,"pea","new",0,0,47.91366667,"0",2208,2204
1050,2517,0,20,1,"142P",1,13.41666667,0.0213,"pea","new",1,0,50.149,"1",9720,5396
1052,2565,0,23,1,"142P",1,13.41666667,0.0213,"pea","new",1,0,50.149,"1",9720,5396
1054,4399,0,25,1,"142P",1,13.41666667,0.0213,"pea","new",1,0,50.149,"1",9720,5396
1056,4620,0,26,1,"142P",1,13.41666667,0.0213,"pea","new",1,0,50.149,"1",9720,5396
1059,191,0,69,1,"148P",1,6.083333333,0.0158,"pea","used",0,0,52.68366667,"0",6673.000002,5396
1061,268,0,32,1,"148P",1,6.083333333,0.0158,"pea","used",0,0,52.68366667,"0",6673.000002,5396
1063,315,0,37,1,"148P",1,6.083333333,0.0158,"pea","used",0,0,52.68366667,"0",6673.000002,5396
1065,370,0,21,1,"148P",1,6.083333333,0.0158,"pea","used",0,0,52.68366667,"0",6673.000002,5396
1067,2374,0,22,1,"148P",1,6.083333333,0.0158,"pea","used",0,0,52.68366667,"0",6673.000002,5396
1069,2398,0,116,1,"148P",1,6.083333333,0.0158,"pea","used",0,0,52.68366667,"0",6673.000002,5396
1071,2517,0,69,1,"148P",1,6.083333333,0.0158,"pea","used",0,0,52.68366667,"0",6673.000002,5396
1073,2635,0,23,1,"148P",1,6.083333333,0.0158,"pea","used",0,0,52.68366667,"0",6673.000002,5396
1075,2721,0,39,1,"148P",1,6.083333333,0.0158,"pea","used",0,0,52.68366667,"0",6673.000002,5396
1077,2818,0,77,1,"148P",1,6.083333333,0.0158,"pea","used",0,0,52.68366667,"0",6673.000002,5396
1079,2897,0,24,1,"148P",1,6.083333333,0.0158,"pea","used",0,0,52.68366667,"0",6673.000002,5396
1081,2923,0,26,1,"148P",1,6.083333333,0.0158,"pea","used",0,0,52.68366667,"0",6673.000002,5396
1083,3002,0,49,1,"148P",1,6.083333333,0.0158,"pea","used",0,0,52.68366667,"0",6673.000002,5396
1085,3066,0,88,1,"148P",1,6.083333333,0.0158,"pea","used",0,0,52.68366667,"0",6673.000002,5396
1087,3156,0,39,1,"148P",1,6.083333333,0.0158,"pea","used",0,0,52.68366667,"0",6673.000002,5396
1089,3216,0,307,1,"148P",1,6.083333333,0.0158,"pea","used",0,0,52.68366667,"0",6673.000002,5396
1091,4013,0,70,1,"148P",1,6.083333333,0.0158,"pea","used",0,0,52.68366667,"0",6673.000002,5396
1093,4195,0,53,1,"148P",1,6.083333333,0.0158,"pea","used",0,0,52.68366667,"0",6673.000002,5396
1096,1930,0,36,1,"149P",1,6.333333333,0.0183,"pea","used",0,0,44.99766667,"0",2667,2663
1100,124,0,22,1,"156P",1,2.333333333,0.0208,"bean","used",0,0,42.92233333,"0",1863,1859
1102,838,0,33,1,"156P",1,2.333333333,0.0208,"bean","used",0,0,42.92233333,"0",1863,1859
1104,1450,0,25,1,"156P",1,2.333333333,0.0208,"bean","used",0,0,42.92233333,"0",1863,1859
1107,2415,0,31,1,"158P",1,8.083333333,0.0224,"pea","used",0,0,50.29466667,"0",4762.0000002,4757
1110,271,0,22,1,"159P",1,8.166666667,0.0176,"bean","used",1,0,45.603,"1",8602.999998,5396
1112,753,0,27,1,"159P",1,8.166666667,0.0176,"bean","used",1,0,45.603,"1",8602.999998,5396
1114,844,0,227,1,"159P",1,8.166666667,0.0176,"bean","used",1,0,45.603,"1",8602.999998,5396
1116,1098,0,35,1,"159P",1,8.166666667,0.0176,"bean","used",1,0,45.603,"1",8602.999998,5396
1118,1167,0,31,1,"159P",1,8.166666667,0.0176,"bean","used",1,0,45.603,"1",8602.999998,5396
1120,1204,0,48,1,"159P",1,8.166666667,0.0176,"bean","used",1,0,45.603,"1",8602.999998,5396
1122,1254,0,20,1,"159P",1,8.166666667,0.0176,"bean","used",1,0,45.603,"1",8602.999998,5396
1124,1295,0,24,1,"159P",1,8.166666667,0.0176,"bean","used",1,0,45.603,"1",8602.999998,5396
1126,1362,0,23,1,"159P",1,8.166666667,0.0176,"bean","used",1,0,45.603,"1",8602.999998,5396
1128,1452,0,23,1,"159P",1,8.166666667,0.0176,"bean","used",1,0,45.603,"1",8602.999998,5396
1130,1479,0,40,1,"159P",1,8.166666667,0.0176,"bean","used",1,0,45.603,"1",8602.999998,5396
1132,1553,0,63,1,"159P",1,8.166666667,0.0176,"bean","used",1,0,45.603,"1",8602.999998,5396
1134,1652,0,21,1,"159P",1,8.166666667,0.0176,"bean","used",1,0,45.603,"1",8602.999998,5396
1136,1718,0,80,1,"159P",1,8.166666667,0.0176,"bean","used",1,0,45.603,"1",8602.999998,5396
1138,1811,0,58,1,"159P",1,8.166666667,0.0176,"bean","used",1,0,45.603,"1",8602.999998,5396
1140,1872,0,63,1,"159P",1,8.166666667,0.0176,"bean","used",1,0,45.603,"1",8602.999998,5396
1142,1938,0,159,1,"159P",1,8.166666667,0.0176,"bean","used",1,0,45.603,"1",8602.999998,5396
1144,2114,0,41,1,"159P",1,8.166666667,0.0176,"bean","used",1,0,45.603,"1",8602.999998,5396
1146,2157,0,53,1,"159P",1,8.166666667,0.0176,"bean","used",1,0,45.603,"1",8602.999998,5396
1148,2214,0,98,1,"159P",1,8.166666667,0.0176,"bean","used",1,0,45.603,"1",8602.999998,5396
1150,2355,0,21,1,"159P",1,8.166666667,0.0176,"bean","used",1,0,45.603,"1",8602.999998,5396
1152,2391,0,26,1,"159P",1,8.166666667,0.0176,"bean","used",1,0,45.603,"1",8602.999998,5396
1154,2446,0,154,1,"159P",1,8.166666667,0.0176,"bean","used",1,0,45.603,"1",8602.999998,5396
1156,2604,0,25,1,"159P",1,8.166666667,0.0176,"bean","used",1,0,45.603,"1",8602.999998,5396
1158,2631,0,56,1,"159P",1,8.166666667,0.0176,"bean","used",1,0,45.603,"1",8602.999998,5396
1160,2690,0,72,1,"159P",1,8.166666667,0.0176,"bean","used",1,0,45.603,"1",8602.999998,5396
1162,2778,0,23,1,"159P",1,8.166666667,0.0176,"bean","used",1,0,45.603,"1",8602.999998,5396
1164,2813,0,72,1,"159P",1,8.166666667,0.0176,"bean","used",1,0,45.603,"1",8602.999998,5396
1166,2887,0,192,1,"159P",1,8.166666667,0.0176,"bean","used",1,0,45.603,"1",8602.999998,5396
1168,3081,0,103,1,"159P",1,8.166666667,0.0176,"bean","used",1,0,45.603,"1",8602.999998,5396
1170,3187,0,97,1,"159P",1,8.166666667,0.0176,"bean","used",1,0,45.603,"1",8602.999998,5396
1172,3288,0,40,1,"159P",1,8.166666667,0.0176,"bean","used",1,0,45.603,"1",8602.999998,5396
1174,3334,0,188,1,"159P",1,8.166666667,0.0176,"bean","used",1,0,45.603,"1",8602.999998,5396
1176,3525,0,283,1,"159P",1,8.166666667,0.0176,"bean","used",1,0,45.603,"1",8602.999998,5396
1178,3828,0,72,1,"159P",1,8.166666667,0.0176,"bean","used",1,0,45.603,"1",8602.999998,5396
1180,3903,0,25,1,"159P",1,8.166666667,0.0176,"bean","used",1,0,45.603,"1",8602.999998,5396
1182,3987,0,28,1,"159P",1,8.166666667,0.0176,"bean","used",1,0,45.603,"1",8602.999998,5396
1184,4156,0,976,1,"159P",1,8.166666667,0.0176,"bean","used",1,0,45.603,"1",8602.999998,5396
1186,5133,0,35,1,"159P",1,8.166666667,0.0176,"bean","used",1,0,45.603,"1",8602.999998,5396
1190,116,0,32,1,"165P",1,10.16666667,0.019,"bean","used",0,0,57.48866667,"0",7647,5395
1192,601,0,73,1,"165P",1,10.16666667,0.019,"bean","used",0,0,57.48866667,"0",7647,5395
1194,862,0,48,1,"165P",1,10.16666667,0.019,"bean","used",0,0,57.48866667,"0",7647,5395
1196,986,0,53,1,"165P",1,10.16666667,0.019,"bean","used",0,0,57.48866667,"0",7647,5395
1198,1219,0,37,1,"165P",1,10.16666667,0.019,"bean","used",0,0,57.48866667,"0",7647,5395
1200,1286,0,48,1,"165P",1,10.16666667,0.019,"bean","used",0,0,57.48866667,"0",7647,5395
1202,1544,0,23,1,"165P",1,10.16666667,0.019,"bean","used",0,0,57.48866667,"0",7647,5395
1204,1600,0,35,1,"165P",1,10.16666667,0.019,"bean","used",0,0,57.48866667,"0",7647,5395
1206,1646,0,47,1,"165P",1,10.16666667,0.019,"bean","used",0,0,57.48866667,"0",7647,5395
1208,1925,0,23,1,"165P",1,10.16666667,0.019,"bean","used",0,0,57.48866667,"0",7647,5395
1210,1961,0,88,1,"165P",1,10.16666667,0.019,"bean","used",0,0,57.48866667,"0",7647,5395
1212,2076,0,21,1,"165P",1,10.16666667,0.019,"bean","used",0,0,57.48866667,"0",7647,5395
1214,2099,0,35,1,"165P",1,10.16666667,0.019,"bean","used",0,0,57.48866667,"0",7647,5395
1216,2148,0,28,1,"165P",1,10.16666667,0.019,"bean","used",0,0,57.48866667,"0",7647,5395
1218,2191,0,21,1,"165P",1,10.16666667,0.019,"bean","used",0,0,57.48866667,"0",7647,5395
1220,2281,0,58,1,"165P",1,10.16666667,0.019,"bean","used",0,0,57.48866667,"0",7647,5395
1222,2341,0,54,1,"165P",1,10.16666667,0.019,"bean","used",0,0,57.48866667,"0",7647,5395
1224,2399,0,51,1,"165P",1,10.16666667,0.019,"bean","used",0,0,57.48866667,"0",7647,5395
1226,2452,0,27,1,"165P",1,10.16666667,0.019,"bean","used",0,0,57.48866667,"0",7647,5395
1228,2483,0,24,1,"165P",1,10.16666667,0.019,"bean","used",0,0,57.48866667,"0",7647,5395
1230,2509,0,57,1,"165P",1,10.16666667,0.019,"bean","used",0,0,57.48866667,"0",7647,5395
1232,2570,0,78,1,"165P",1,10.16666667,0.019,"bean","used",0,0,57.48866667,"0",7647,5395
1234,2660,0,26,1,"165P",1,10.16666667,0.019,"bean","used",0,0,57.48866667,"0",7647,5395
1236,2688,0,109,1,"165P",1,10.16666667,0.019,"bean","used",0,0,57.48866667,"0",7647,5395
1238,2799,0,148,1,"165P",1,10.16666667,0.019,"bean","used",0,0,57.48866667,"0",7647,5395
1240,2951,0,42,1,"165P",1,10.16666667,0.019,"bean","used",0,0,57.48866667,"0",7647,5395
1242,3023,0,131,1,"165P",1,10.16666667,0.019,"bean","used",0,0,57.48866667,"0",7647,5395
1244,3157,0,25,1,"165P",1,10.16666667,0.019,"bean","used",0,0,57.48866667,"0",7647,5395
1246,3184,0,22,1,"165P",1,10.16666667,0.019,"bean","used",0,0,57.48866667,"0",7647,5395
1248,3208,0,40,1,"165P",1,10.16666667,0.019,"bean","used",0,0,57.48866667,"0",7647,5395
1250,3278,0,41,1,"165P",1,10.16666667,0.019,"bean","used",0,0,57.48866667,"0",7647,5395
1252,3425,0,31,1,"165P",1,10.16666667,0.019,"bean","used",0,0,57.48866667,"0",7647,5395
1254,3696,0,487,1,"165P",1,10.16666667,0.019,"bean","used",0,0,57.48866667,"0",7647,5395
1256,4186,0,168,1,"165P",1,10.16666667,0.019,"bean","used",0,0,57.48866667,"0",7647,5395
1258,4356,0,101,1,"165P",1,10.16666667,0.019,"bean","used",0,0,57.48866667,"0",7647,5395
1260,4500,0,28,1,"165P",1,10.16666667,0.019,"bean","used",0,0,57.48866667,"0",7647,5395
1262,4709,0,38,1,"165P",1,10.16666667,0.019,"bean","used",0,0,57.48866667,"0",7647,5395
1264,4749,0,88,1,"165P",1,10.16666667,0.019,"bean","used",0,0,57.48866667,"0",7647,5395
1266,4839,0,64,1,"165P",1,10.16666667,0.019,"bean","used",0,0,57.48866667,"0",7647,5395
1268,4963,0,36,1,"165P",1,10.16666667,0.019,"bean","used",0,0,57.48866667,"0",7647,5395
1270,5009,0,35,1,"165P",1,10.16666667,0.019,"bean","used",0,0,57.48866667,"0",7647,5395
1272,5047,0,31,1,"165P",1,10.16666667,0.019,"bean","used",0,0,57.48866667,"0",7647,5395
1274,5095,0,67,1,"165P",1,10.16666667,0.019,"bean","used",0,0,57.48866667,"0",7647,5395
1276,5252,0,110,1,"165P",1,10.16666667,0.019,"bean","used",0,0,57.48866667,"0",7647,5395
1278,5366,0,29,0,"165P",1,10.16666667,0.019,"bean","used",0,0,57.48866667,"0",7647,5395
1281,79,0,20,1,"167P",1,10.25,0.0161,"bean","used",1,1,53.061,"2",15771,5396
1283,100,0,32,1,"167P",1,10.25,0.0161,"bean","used",1,1,53.061,"2",15771,5396
1285,136,0,29,1,"167P",1,10.25,0.0161,"bean","used",1,1,53.061,"2",15771,5396
1287,792,0,37,1,"167P",1,10.25,0.0161,"bean","used",1,1,53.061,"2",15771,5396
1289,832,0,32,1,"167P",1,10.25,0.0161,"bean","used",1,1,53.061,"2",15771,5396
1291,888,0,67,1,"167P",1,10.25,0.0161,"bean","used",1,1,53.061,"2",15771,5396
1293,966,0,1165,1,"167P",1,10.25,0.0161,"bean","used",1,1,53.061,"2",15771,5396
1295,2133,0,33,1,"167P",1,10.25,0.0161,"bean","used",1,1,53.061,"2",15771,5396
1297,2333,0,30,1,"167P",1,10.25,0.0161,"bean","used",1,1,53.061,"2",15771,5396
1299,2365,0,29,1,"167P",1,10.25,0.0161,"bean","used",1,1,53.061,"2",15771,5396
1301,2396,0,93,1,"167P",1,10.25,0.0161,"bean","used",1,1,53.061,"2",15771,5396
1303,2491,0,73,1,"167P",1,10.25,0.0161,"bean","used",1,1,53.061,"2",15771,5396
1305,2566,0,36,1,"167P",1,10.25,0.0161,"bean","used",1,1,53.061,"2",15771,5396
1307,2608,0,75,1,"167P",1,10.25,0.0161,"bean","used",1,1,53.061,"2",15771,5396
1309,2685,0,54,1,"167P",1,10.25,0.0161,"bean","used",1,1,53.061,"2",15771,5396
1311,2758,0,35,1,"167P",1,10.25,0.0161,"bean","used",1,1,53.061,"2",15771,5396
1313,3064,0,21,1,"167P",1,10.25,0.0161,"bean","used",1,1,53.061,"2",15771,5396
1315,3166,0,24,1,"167P",1,10.25,0.0161,"bean","used",1,1,53.061,"2",15771,5396
1317,3201,0,29,1,"167P",1,10.25,0.0161,"bean","used",1,1,53.061,"2",15771,5396
1319,3265,0,28,1,"167P",1,10.25,0.0161,"bean","used",1,1,53.061,"2",15771,5396
1321,3345,0,32,1,"167P",1,10.25,0.0161,"bean","used",1,1,53.061,"2",15771,5396
1323,3645,0,21,1,"167P",1,10.25,0.0161,"bean","used",1,1,53.061,"2",15771,5396
1325,4197,0,39,1,"167P",1,10.25,0.0161,"bean","used",1,1,53.061,"2",15771,5396
1327,4243,0,47,1,"167P",1,10.25,0.0161,"bean","used",1,1,53.061,"2",15771,5396
1329,4292,0,32,1,"167P",1,10.25,0.0161,"bean","used",1,1,53.061,"2",15771,5396
1331,4334,0,302,1,"167P",1,10.25,0.0161,"bean","used",1,1,53.061,"2",15771,5396
1333,4638,0,348,1,"167P",1,10.25,0.0161,"bean","used",1,1,53.061,"2",15771,5396
1335,4988,0,242,1,"167P",1,10.25,0.0161,"bean","used",1,1,53.061,"2",15771,5396
1337,5233,0,20,1,"167P",1,10.25,0.0161,"bean","used",1,1,53.061,"2",15771,5396
1339,5257,0,27,1,"167P",1,10.25,0.0161,"bean","used",1,1,53.061,"2",15771,5396
1341,5289,0,81,1,"167P",1,10.25,0.0161,"bean","used",1,1,53.061,"2",15771,5396
1343,5374,0,21,0,"167P",1,10.25,0.0161,"bean","used",1,1,53.061,"2",15771,5396
1347,212,0,30,1,"174P",1,4.833333333,0.0169,"bean","used",1,0,52.979,"1",9846,5396
1349,332,0,27,1,"174P",1,4.833333333,0.0169,"bean","used",1,0,52.979,"1",9846,5396
1351,361,0,58,1,"174P",1,4.833333333,0.0169,"bean","used",1,0,52.979,"1",9846,5396
1353,568,0,38,1,"174P",1,4.833333333,0.0169,"bean","used",1,0,52.979,"1",9846,5396
1355,4160,0,167,1,"174P",1,4.833333333,0.0169,"bean","used",1,0,52.979,"1",9846,5396
1357,4329,0,63,1,"174P",1,4.833333333,0.0169,"bean","used",1,0,52.979,"1",9846,5396
1359,4394,0,31,1,"174P",1,4.833333333,0.0169,"bean","used",1,0,52.979,"1",9846,5396
1361,4444,0,150,1,"174P",1,4.833333333,0.0169,"bean","used",1,0,52.979,"1",9846,5396
1363,4596,0,32,1,"174P",1,4.833333333,0.0169,"bean","used",1,0,52.979,"1",9846,5396
1365,4714,0,681,0,"174P",1,4.833333333,0.0169,"bean","used",1,0,52.979,"1",9846,5396
1368,1972,0,41,1,"177P",1,12.25,0.0138,"pea","used",0,0,50.58333333,"0",15793.000002,5396
1370,2108,0,23,1,"177P",1,12.25,0.0138,"pea","used",0,0,50.58333333,"0",15793.000002,5396
1372,2291,0,21,1,"177P",1,12.25,0.0138,"pea","used",0,0,50.58333333,"0",15793.000002,5396
1374,2327,0,39,1,"177P",1,12.25,0.0138,"pea","used",0,0,50.58333333,"0",15793.000002,5396
1376,2565,0,23,1,"177P",1,12.25,0.0138,"pea","used",0,0,50.58333333,"0",15793.000002,5396
1378,3863,0,35,1,"177P",1,12.25,0.0138,"pea","used",0,0,50.58333333,"0",15793.000002,5396
1380,3941,0,20,1,"177P",1,12.25,0.0138,"pea","used",0,0,50.58333333,"0",15793.000002,5396
1382,4184,0,38,1,"177P",1,12.25,0.0138,"pea","used",0,0,50.58333333,"0",15793.000002,5396
1384,4451,0,23,1,"177P",1,12.25,0.0138,"pea","used",0,0,50.58333333,"0",15793.000002,5396
1386,4946,0,24,1,"177P",1,12.25,0.0138,"pea","used",0,0,50.58333333,"0",15793.000002,5396
1388,5068,0,25,1,"177P",1,12.25,0.0138,"pea","used",0,0,50.58333333,"0",15793.000002,5396
1390,5140,0,21,1,"177P",1,12.25,0.0138,"pea","used",0,0,50.58333333,"0",15793.000002,5396
1394,114,0,82,1,"179P",1,9.833333333,0.0207,"pea","used",0,0,50.49066667,"0",3027,3023
1396,267,0,29,1,"179P",1,9.833333333,0.0207,"pea","used",0,0,50.49066667,"0",3027,3023
1398,358,0,26,1,"179P",1,9.833333333,0.0207,"pea","used",0,0,50.49066667,"0",3027,3023
1400,529,0,20,1,"179P",1,9.833333333,0.0207,"pea","used",0,0,50.49066667,"0",3027,3023
1402,551,0,105,1,"179P",1,9.833333333,0.0207,"pea","used",0,0,50.49066667,"0",3027,3023
1404,672,0,32,1,"179P",1,9.833333333,0.0207,"pea","used",0,0,50.49066667,"0",3027,3023
1406,711,0,127,1,"179P",1,9.833333333,0.0207,"pea","used",0,0,50.49066667,"0",3027,3023
1408,840,0,97,1,"179P",1,9.833333333,0.0207,"pea","used",0,0,50.49066667,"0",3027,3023
1410,958,0,50,1,"179P",1,9.833333333,0.0207,"pea","used",0,0,50.49066667,"0",3027,3023
1412,1020,0,61,1,"179P",1,9.833333333,0.0207,"pea","used",0,0,50.49066667,"0",3027,3023
1414,1220,0,86,1,"179P",1,9.833333333,0.0207,"pea","used",0,0,50.49066667,"0",3027,3023
1416,1713,0,22,1,"179P",1,9.833333333,0.0207,"pea","used",0,0,50.49066667,"0",3027,3023
1418,2803,0,87,1,"179P",1,9.833333333,0.0207,"pea","used",0,0,50.49066667,"0",3027,3023
1421,496,0,23,1,"180P",1,9.916666667,0.02,"pea","used",0,0,49.23033333,"0",5712,5395
1423,534,0,106,1,"180P",1,9.916666667,0.02,"pea","used",0,0,49.23033333,"0",5712,5395
1425,643,0,43,1,"180P",1,9.916666667,0.02,"pea","used",0,0,49.23033333,"0",5712,5395
1427,688,0,80,1,"180P",1,9.916666667,0.02,"pea","used",0,0,49.23033333,"0",5712,5395
1429,772,0,50,1,"180P",1,9.916666667,0.02,"pea","used",0,0,49.23033333,"0",5712,5395
1431,1021,0,21,1,"180P",1,9.916666667,0.02,"pea","used",0,0,49.23033333,"0",5712,5395
1433,1100,0,228,1,"180P",1,9.916666667,0.02,"pea","used",0,0,49.23033333,"0",5712,5395
1435,1338,0,61,1,"180P",1,9.916666667,0.02,"pea","used",0,0,49.23033333,"0",5712,5395
1437,1401,0,48,1,"180P",1,9.916666667,0.02,"pea","used",0,0,49.23033333,"0",5712,5395
1439,1462,0,65,1,"180P",1,9.916666667,0.02,"pea","used",0,0,49.23033333,"0",5712,5395
1441,1531,0,113,1,"180P",1,9.916666667,0.02,"pea","used",0,0,49.23033333,"0",5712,5395
1443,1648,0,26,1,"180P",1,9.916666667,0.02,"pea","used",0,0,49.23033333,"0",5712,5395
1445,1678,0,32,1,"180P",1,9.916666667,0.02,"pea","used",0,0,49.23033333,"0",5712,5395
1447,2021,0,22,1,"180P",1,9.916666667,0.02,"pea","used",0,0,49.23033333,"0",5712,5395
1449,2059,0,24,1,"180P",1,9.916666667,0.02,"pea","used",0,0,49.23033333,"0",5712,5395
1451,2233,0,30,1,"180P",1,9.916666667,0.02,"pea","used",0,0,49.23033333,"0",5712,5395
1453,3115,0,54,1,"180P",1,9.916666667,0.02,"pea","used",0,0,49.23033333,"0",5712,5395
1455,3170,0,127,1,"180P",1,9.916666667,0.02,"pea","used",0,0,49.23033333,"0",5712,5395
1457,3299,0,106,1,"180P",1,9.916666667,0.02,"pea","used",0,0,49.23033333,"0",5712,5395
1459,4464,0,21,1,"180P",1,9.916666667,0.02,"pea","used",0,0,49.23033333,"0",5712,5395
1461,4605,0,21,1,"180P",1,9.916666667,0.02,"pea","used",0,0,49.23033333,"0",5712,5395
1463,4729,0,41,1,"180P",1,9.916666667,0.02,"pea","used",0,0,49.23033333,"0",5712,5395
1467,88,0,20,1,"182P",1,10.75,0.0177,"pea","used",0,0,40.33866667,"0",543,539
1469,160,0,41,1,"182P",1,10.75,0.0177,"pea","used",0,0,40.33866667,"0",543,539
1472,47,0,85,1,"185P",1,4.833333333,0.0124,"bean","used",0,0,58.094,"0",6910.000002,5395
1474,146,0,24,1,"185P",1,4.833333333,0.0124,"bean","used",0,0,58.094,"0",6910.000002,5395
1476,173,0,109,1,"185P",1,4.833333333,0.0124,"bean","used",0,0,58.094,"0",6910.000002,5395
1478,284,0,82,1,"185P",1,4.833333333,0.0124,"bean","used",0,0,58.094,"0",6910.000002,5395
1480,436,0,26,1,"185P",1,4.833333333,0.0124,"bean","used",0,0,58.094,"0",6910.000002,5395
1482,474,0,23,1,"185P",1,4.833333333,0.0124,"bean","used",0,0,58.094,"0",6910.000002,5395
1484,499,0,22,1,"185P",1,4.833333333,0.0124,"bean","used",0,0,58.094,"0",6910.000002,5395
1486,522,0,30,1,"185P",1,4.833333333,0.0124,"bean","used",0,0,58.094,"0",6910.000002,5395
1488,554,0,27,1,"185P",1,4.833333333,0.0124,"bean","used",0,0,58.094,"0",6910.000002,5395
1490,612,0,180,1,"185P",1,4.833333333,0.0124,"bean","used",0,0,58.094,"0",6910.000002,5395
1492,803,0,94,1,"185P",1,4.833333333,0.0124,"bean","used",0,0,58.094,"0",6910.000002,5395
1494,898,0,58,1,"185P",1,4.833333333,0.0124,"bean","used",0,0,58.094,"0",6910.000002,5395
1496,972,0,287,1,"185P",1,4.833333333,0.0124,"bean","used",0,0,58.094,"0",6910.000002,5395
1498,1272,0,119,1,"185P",1,4.833333333,0.0124,"bean","used",0,0,58.094,"0",6910.000002,5395
1500,1400,0,97,1,"185P",1,4.833333333,0.0124,"bean","used",0,0,58.094,"0",6910.000002,5395
1502,1521,0,20,1,"185P",1,4.833333333,0.0124,"bean","used",0,0,58.094,"0",6910.000002,5395
1504,1542,0,30,1,"185P",1,4.833333333,0.0124,"bean","used",0,0,58.094,"0",6910.000002,5395
1506,1574,0,57,1,"185P",1,4.833333333,0.0124,"bean","used",0,0,58.094,"0",6910.000002,5395
1508,1637,0,23,1,"185P",1,4.833333333,0.0124,"bean","used",0,0,58.094,"0",6910.000002,5395
1510,1662,0,59,1,"185P",1,4.833333333,0.0124,"bean","used",0,0,58.094,"0",6910.000002,5395
1512,1722,0,84,1,"185P",1,4.833333333,0.0124,"bean","used",0,0,58.094,"0",6910.000002,5395
1514,1812,0,59,1,"185P",1,4.833333333,0.0124,"bean","used",0,0,58.094,"0",6910.000002,5395
1516,1872,0,29,1,"185P",1,4.833333333,0.0124,"bean","used",0,0,58.094,"0",6910.000002,5395
1518,1902,0,78,1,"185P",1,4.833333333,0.0124,"bean","used",0,0,58.094,"0",6910.000002,5395
1520,1992,0,29,1,"185P",1,4.833333333,0.0124,"bean","used",0,0,58.094,"0",6910.000002,5395
1522,2044,0,111,1,"185P",1,4.833333333,0.0124,"bean","used",0,0,58.094,"0",6910.000002,5395
1524,2173,0,62,1,"185P",1,4.833333333,0.0124,"bean","used",0,0,58.094,"0",6910.000002,5395
1526,2322,0,326,1,"185P",1,4.833333333,0.0124,"bean","used",0,0,58.094,"0",6910.000002,5395
1528,2656,0,43,1,"185P",1,4.833333333,0.0124,"bean","used",0,0,58.094,"0",6910.000002,5395
1530,2783,0,22,1,"185P",1,4.833333333,0.0124,"bean","used",0,0,58.094,"0",6910.000002,5395
1532,3515,0,47,1,"185P",1,4.833333333,0.0124,"bean","used",0,0,58.094,"0",6910.000002,5395
1534,3564,0,257,1,"185P",1,4.833333333,0.0124,"bean","used",0,0,58.094,"0",6910.000002,5395
1536,3823,0,41,1,"185P",1,4.833333333,0.0124,"bean","used",0,0,58.094,"0",6910.000002,5395
1538,3871,0,130,1,"185P",1,4.833333333,0.0124,"bean","used",0,0,58.094,"0",6910.000002,5395
1540,4002,0,29,1,"185P",1,4.833333333,0.0124,"bean","used",0,0,58.094,"0",6910.000002,5395
1542,4032,0,62,1,"185P",1,4.833333333,0.0124,"bean","used",0,0,58.094,"0",6910.000002,5395
1544,4096,0,25,1,"185P",1,4.833333333,0.0124,"bean","used",0,0,58.094,"0",6910.000002,5395
1546,4131,0,20,1,"185P",1,4.833333333,0.0124,"bean","used",0,0,58.094,"0",6910.000002,5395
1548,4152,0,64,1,"185P",1,4.833333333,0.0124,"bean","used",0,0,58.094,"0",6910.000002,5395
1550,4230,0,161,1,"185P",1,4.833333333,0.0124,"bean","used",0,0,58.094,"0",6910.000002,5395
1552,4452,0,30,1,"185P",1,4.833333333,0.0124,"bean","used",0,0,58.094,"0",6910.000002,5395
1554,4512,0,31,1,"185P",1,4.833333333,0.0124,"bean","used",0,0,58.094,"0",6910.000002,5395
1556,4545,0,56,1,"185P",1,4.833333333,0.0124,"bean","used",0,0,58.094,"0",6910.000002,5395
1558,4602,0,29,1,"185P",1,4.833333333,0.0124,"bean","used",0,0,58.094,"0",6910.000002,5395
1560,4661,0,30,1,"185P",1,4.833333333,0.0124,"bean","used",0,0,58.094,"0",6910.000002,5395
1562,4692,0,29,1,"185P",1,4.833333333,0.0124,"bean","used",0,0,58.094,"0",6910.000002,5395
1564,4752,0,29,1,"185P",1,4.833333333,0.0124,"bean","used",0,0,58.094,"0",6910.000002,5395
1566,4815,0,27,1,"185P",1,4.833333333,0.0124,"bean","used",0,0,58.094,"0",6910.000002,5395
1568,4860,0,45,1,"185P",1,4.833333333,0.0124,"bean","used",0,0,58.094,"0",6910.000002,5395
1570,4907,0,24,1,"185P",1,4.833333333,0.0124,"bean","used",0,0,58.094,"0",6910.000002,5395
1572,4962,0,30,1,"185P",1,4.833333333,0.0124,"bean","used",0,0,58.094,"0",6910.000002,5395
1574,5022,0,29,1,"185P",1,4.833333333,0.0124,"bean","used",0,0,58.094,"0",6910.000002,5395
1577,51,0,62,1,"186P",1,4.916666667,0.0165,"bean","new",0,0,51.50933333,"0",1731,1726
1579,121,0,150,1,"186P",1,4.916666667,0.0165,"bean","new",0,0,51.50933333,"0",1731,1726
1581,293,0,25,1,"186P",1,4.916666667,0.0165,"bean","new",0,0,51.50933333,"0",1731,1726
1583,320,0,28,1,"186P",1,4.916666667,0.0165,"bean","new",0,0,51.50933333,"0",1731,1726
1585,503,0,27,1,"186P",1,4.916666667,0.0165,"bean","new",0,0,51.50933333,"0",1731,1726
1587,546,0,33,1,"186P",1,4.916666667,0.0165,"bean","new",0,0,51.50933333,"0",1731,1726
1589,599,0,237,1,"186P",1,4.916666667,0.0165,"bean","new",0,0,51.50933333,"0",1731,1726
1592,45,0,90,1,"187P",1,9.666666667,0.0132,"bean","new",0,0,49.489,"0",11745,5395
1594,189,0,35,1,"187P",1,9.666666667,0.0132,"bean","new",0,0,49.489,"0",11745,5395
1596,239,0,89,1,"187P",1,9.666666667,0.0132,"bean","new",0,0,49.489,"0",11745,5395
1598,329,0,29,1,"187P",1,9.666666667,0.0132,"bean","new",0,0,49.489,"0",11745,5395
1600,366,0,123,1,"187P",1,9.666666667,0.0132,"bean","new",0,0,49.489,"0",11745,5395
1602,491,0,97,1,"187P",1,9.666666667,0.0132,"bean","new",0,0,49.489,"0",11745,5395
1604,598,0,31,1,"187P",1,9.666666667,0.0132,"bean","new",0,0,49.489,"0",11745,5395
1606,631,0,23,1,"187P",1,9.666666667,0.0132,"bean","new",0,0,49.489,"0",11745,5395
1608,689,0,41,1,"187P",1,9.666666667,0.0132,"bean","new",0,0,49.489,"0",11745,5395
1610,746,0,62,1,"187P",1,9.666666667,0.0132,"bean","new",0,0,49.489,"0",11745,5395
1612,809,0,38,1,"187P",1,9.666666667,0.0132,"bean","new",0,0,49.489,"0",11745,5395
1614,897,0,37,1,"187P",1,9.666666667,0.0132,"bean","new",0,0,49.489,"0",11745,5395
1616,949,0,31,1,"187P",1,9.666666667,0.0132,"bean","new",0,0,49.489,"0",11745,5395
1618,989,0,61,1,"187P",1,9.666666667,0.0132,"bean","new",0,0,49.489,"0",11745,5395
1620,1079,0,56,1,"187P",1,9.666666667,0.0132,"bean","new",0,0,49.489,"0",11745,5395
1622,1197,0,124,1,"187P",1,9.666666667,0.0132,"bean","new",0,0,49.489,"0",11745,5395
1624,1322,0,26,1,"187P",1,9.666666667,0.0132,"bean","new",0,0,49.489,"0",11745,5395
1626,1354,0,20,1,"187P",1,9.666666667,0.0132,"bean","new",0,0,49.489,"0",11745,5395
1628,1377,0,34,1,"187P",1,9.666666667,0.0132,"bean","new",0,0,49.489,"0",11745,5395
1630,1439,0,239,1,"187P",1,9.666666667,0.0132,"bean","new",0,0,49.489,"0",11745,5395
1632,1716,0,51,1,"187P",1,9.666666667,0.0132,"bean","new",0,0,49.489,"0",11745,5395
1634,1769,0,177,1,"187P",1,9.666666667,0.0132,"bean","new",0,0,49.489,"0",11745,5395
1636,1949,0,159,1,"187P",1,9.666666667,0.0132,"bean","new",0,0,49.489,"0",11745,5395
1638,2113,0,143,1,"187P",1,9.666666667,0.0132,"bean","new",0,0,49.489,"0",11745,5395
1640,2257,0,561,1,"187P",1,9.666666667,0.0132,"bean","new",0,0,49.489,"0",11745,5395
1642,2819,0,29,1,"187P",1,9.666666667,0.0132,"bean","new",0,0,49.489,"0",11745,5395
1644,2879,0,149,1,"187P",1,9.666666667,0.0132,"bean","new",0,0,49.489,"0",11745,5395
1646,3029,0,29,1,"187P",1,9.666666667,0.0132,"bean","new",0,0,49.489,"0",11745,5395
1648,3059,0,59,1,"187P",1,9.666666667,0.0132,"bean","new",0,0,49.489,"0",11745,5395
1650,3137,0,199,1,"187P",1,9.666666667,0.0132,"bean","new",0,0,49.489,"0",11745,5395
1652,3343,0,255,1,"187P",1,9.666666667,0.0132,"bean","new",0,0,49.489,"0",11745,5395
1654,3599,0,29,1,"187P",1,9.666666667,0.0132,"bean","new",0,0,49.489,"0",11745,5395
1656,3629,0,177,1,"187P",1,9.666666667,0.0132,"bean","new",0,0,49.489,"0",11745,5395
1658,3809,0,59,1,"187P",1,9.666666667,0.0132,"bean","new",0,0,49.489,"0",11745,5395
1660,3871,0,58,1,"187P",1,9.666666667,0.0132,"bean","new",0,0,49.489,"0",11745,5395
1662,3934,0,24,1,"187P",1,9.666666667,0.0132,"bean","new",0,0,49.489,"0",11745,5395
1664,3959,0,30,1,"187P",1,9.666666667,0.0132,"bean","new",0,0,49.489,"0",11745,5395
1666,3991,0,27,1,"187P",1,9.666666667,0.0132,"bean","new",0,0,49.489,"0",11745,5395
1668,4019,0,21,1,"187P",1,9.666666667,0.0132,"bean","new",0,0,49.489,"0",11745,5395
1670,4041,0,37,1,"187P",1,9.666666667,0.0132,"bean","new",0,0,49.489,"0",11745,5395
1672,4252,0,21,1,"187P",1,9.666666667,0.0132,"bean","new",0,0,49.489,"0",11745,5395
1674,4379,0,29,1,"187P",1,9.666666667,0.0132,"bean","new",0,0,49.489,"0",11745,5395
1676,4409,0,29,1,"187P",1,9.666666667,0.0132,"bean","new",0,0,49.489,"0",11745,5395
1678,4439,0,29,1,"187P",1,9.666666667,0.0132,"bean","new",0,0,49.489,"0",11745,5395
1680,4498,0,30,1,"187P",1,9.666666667,0.0132,"bean","new",0,0,49.489,"0",11745,5395
1682,4529,0,59,1,"187P",1,9.666666667,0.0132,"bean","new",0,0,49.489,"0",11745,5395
1684,4595,0,23,1,"187P",1,9.666666667,0.0132,"bean","new",0,0,49.489,"0",11745,5395
1686,4619,0,29,1,"187P",1,9.666666667,0.0132,"bean","new",0,0,49.489,"0",11745,5395
1688,4649,0,81,1,"187P",1,9.666666667,0.0132,"bean","new",0,0,49.489,"0",11745,5395
1690,4741,0,29,1,"187P",1,9.666666667,0.0132,"bean","new",0,0,49.489,"0",11745,5395
1692,4859,0,29,1,"187P",1,9.666666667,0.0132,"bean","new",0,0,49.489,"0",11745,5395
1694,4889,0,54,1,"187P",1,9.666666667,0.0132,"bean","new",0,0,49.489,"0",11745,5395
1696,4949,0,29,1,"187P",1,9.666666667,0.0132,"bean","new",0,0,49.489,"0",11745,5395
1698,5000,0,74,1,"187P",1,9.666666667,0.0132,"bean","new",0,0,49.489,"0",11745,5395
1700,5085,0,22,1,"187P",1,9.666666667,0.0132,"bean","new",0,0,49.489,"0",11745,5395
1702,5115,0,133,1,"187P",1,9.666666667,0.0132,"bean","new",0,0,49.489,"0",11745,5395
1704,5279,0,29,1,"187P",1,9.666666667,0.0132,"bean","new",0,0,49.489,"0",11745,5395
1706,5339,0,55,1,"187P",1,9.666666667,0.0132,"bean","new",0,0,49.489,"0",11745,5395
1709,27,0,60,1,"192P",1,5.166666667,0.0249,"pea","new",0,0,58.01733333,"0",1879.0000002,1874
1711,885,0,32,1,"192P",1,5.166666667,0.0249,"pea","new",0,0,58.01733333,"0",1879.0000002,1874
1713,1321,0,29,1,"192P",1,5.166666667,0.0249,"pea","new",0,0,58.01733333,"0",1879.0000002,1874
1719,450,0,41,1,"206P",1,16.33333333,0.0097,"bean","new",0,0,37.05566667,"0",5581.9999998,5395
1721,618,0,77,1,"206P",1,16.33333333,0.0097,"bean","new",0,0,37.05566667,"0",5581.9999998,5395
1723,704,0,23,1,"206P",1,16.33333333,0.0097,"bean","new",0,0,37.05566667,"0",5581.9999998,5395
1725,728,0,20,1,"206P",1,16.33333333,0.0097,"bean","new",0,0,37.05566667,"0",5581.9999998,5395
1727,759,0,29,1,"206P",1,16.33333333,0.0097,"bean","new",0,0,37.05566667,"0",5581.9999998,5395
1729,789,0,85,1,"206P",1,16.33333333,0.0097,"bean","new",0,0,37.05566667,"0",5581.9999998,5395
1731,876,0,133,1,"206P",1,16.33333333,0.0097,"bean","new",0,0,37.05566667,"0",5581.9999998,5395
1733,1047,0,41,1,"206P",1,16.33333333,0.0097,"bean","new",0,0,37.05566667,"0",5581.9999998,5395
1735,1091,0,91,1,"206P",1,16.33333333,0.0097,"bean","new",0,0,37.05566667,"0",5581.9999998,5395
1737,1188,0,20,1,"206P",1,16.33333333,0.0097,"bean","new",0,0,37.05566667,"0",5581.9999998,5395
1739,1209,0,24,1,"206P",1,16.33333333,0.0097,"bean","new",0,0,37.05566667,"0",5581.9999998,5395
1741,1258,0,40,1,"206P",1,16.33333333,0.0097,"bean","new",0,0,37.05566667,"0",5581.9999998,5395
1743,1313,0,31,1,"206P",1,16.33333333,0.0097,"bean","new",0,0,37.05566667,"0",5581.9999998,5395
1745,1345,0,149,1,"206P",1,16.33333333,0.0097,"bean","new",0,0,37.05566667,"0",5581.9999998,5395
1747,1512,0,31,1,"206P",1,16.33333333,0.0097,"bean","new",0,0,37.05566667,"0",5581.9999998,5395
1749,1544,0,235,1,"206P",1,16.33333333,0.0097,"bean","new",0,0,37.05566667,"0",5581.9999998,5395
1751,1784,0,142,1,"206P",1,16.33333333,0.0097,"bean","new",0,0,37.05566667,"0",5581.9999998,5395
1753,1928,0,48,1,"206P",1,16.33333333,0.0097,"bean","new",0,0,37.05566667,"0",5581.9999998,5395
1755,1980,0,95,1,"206P",1,16.33333333,0.0097,"bean","new",0,0,37.05566667,"0",5581.9999998,5395
1757,2079,0,89,1,"206P",1,16.33333333,0.0097,"bean","new",0,0,37.05566667,"0",5581.9999998,5395
1759,2172,0,29,1,"206P",1,16.33333333,0.0097,"bean","new",0,0,37.05566667,"0",5581.9999998,5395
1761,2203,0,25,1,"206P",1,16.33333333,0.0097,"bean","new",0,0,37.05566667,"0",5581.9999998,5395
1763,2229,0,126,1,"206P",1,16.33333333,0.0097,"bean","new",0,0,37.05566667,"0",5581.9999998,5395
1765,2379,0,119,1,"206P",1,16.33333333,0.0097,"bean","new",0,0,37.05566667,"0",5581.9999998,5395
1767,2499,0,29,1,"206P",1,16.33333333,0.0097,"bean","new",0,0,37.05566667,"0",5581.9999998,5395
1769,2529,0,30,1,"206P",1,16.33333333,0.0097,"bean","new",0,0,37.05566667,"0",5581.9999998,5395
1771,2567,0,21,1,"206P",1,16.33333333,0.0097,"bean","new",0,0,37.05566667,"0",5581.9999998,5395
1773,2649,0,102,1,"206P",1,16.33333333,0.0097,"bean","new",0,0,37.05566667,"0",5581.9999998,5395
1775,2755,0,95,1,"206P",1,16.33333333,0.0097,"bean","new",0,0,37.05566667,"0",5581.9999998,5395
1777,2864,0,196,1,"206P",1,16.33333333,0.0097,"bean","new",0,0,37.05566667,"0",5581.9999998,5395
1779,3070,0,28,1,"206P",1,16.33333333,0.0097,"bean","new",0,0,37.05566667,"0",5581.9999998,5395
1781,3112,0,33,1,"206P",1,16.33333333,0.0097,"bean","new",0,0,37.05566667,"0",5581.9999998,5395
1783,3150,0,33,1,"206P",1,16.33333333,0.0097,"bean","new",0,0,37.05566667,"0",5581.9999998,5395
1785,3186,0,302,1,"206P",1,16.33333333,0.0097,"bean","new",0,0,37.05566667,"0",5581.9999998,5395
1787,3489,0,29,1,"206P",1,16.33333333,0.0097,"bean","new",0,0,37.05566667,"0",5581.9999998,5395
1789,3519,0,64,1,"206P",1,16.33333333,0.0097,"bean","new",0,0,37.05566667,"0",5581.9999998,5395
1791,3643,0,25,1,"206P",1,16.33333333,0.0097,"bean","new",0,0,37.05566667,"0",5581.9999998,5395
1793,3669,0,24,1,"206P",1,16.33333333,0.0097,"bean","new",0,0,37.05566667,"0",5581.9999998,5395
1795,3699,0,31,1,"206P",1,16.33333333,0.0097,"bean","new",0,0,37.05566667,"0",5581.9999998,5395
1797,3762,0,56,1,"206P",1,16.33333333,0.0097,"bean","new",0,0,37.05566667,"0",5581.9999998,5395
1799,3820,0,118,1,"206P",1,16.33333333,0.0097,"bean","new",0,0,37.05566667,"0",5581.9999998,5395
1801,3942,0,35,1,"206P",1,16.33333333,0.0097,"bean","new",0,0,37.05566667,"0",5581.9999998,5395
1803,3995,0,95,1,"206P",1,16.33333333,0.0097,"bean","new",0,0,37.05566667,"0",5581.9999998,5395
1805,4098,0,20,1,"206P",1,16.33333333,0.0097,"bean","new",0,0,37.05566667,"0",5581.9999998,5395
1807,4145,0,33,1,"206P",1,16.33333333,0.0097,"bean","new",0,0,37.05566667,"0",5581.9999998,5395
1809,4198,0,176,1,"206P",1,16.33333333,0.0097,"bean","new",0,0,37.05566667,"0",5581.9999998,5395
1811,4380,0,119,1,"206P",1,16.33333333,0.0097,"bean","new",0,0,37.05566667,"0",5581.9999998,5395
1813,4502,0,47,1,"206P",1,16.33333333,0.0097,"bean","new",0,0,37.05566667,"0",5581.9999998,5395
1815,4568,0,35,1,"206P",1,16.33333333,0.0097,"bean","new",0,0,37.05566667,"0",5581.9999998,5395
1817,4663,0,27,1,"206P",1,16.33333333,0.0097,"bean","new",0,0,37.05566667,"0",5581.9999998,5395
1819,4719,0,29,1,"206P",1,16.33333333,0.0097,"bean","new",0,0,37.05566667,"0",5581.9999998,5395
1823,211,0,22,1,"210P",1,16.41666667,0.0085,"bean","new",0,0,51.757,"0",6466.000002,5395
1825,237,0,35,1,"210P",1,16.41666667,0.0085,"bean","new",0,0,51.757,"0",6466.000002,5395
1827,304,0,33,1,"210P",1,16.41666667,0.0085,"bean","new",0,0,51.757,"0",6466.000002,5395
1829,365,0,38,1,"210P",1,16.41666667,0.0085,"bean","new",0,0,51.757,"0",6466.000002,5395
1831,410,0,25,1,"210P",1,16.41666667,0.0085,"bean","new",0,0,51.757,"0",6466.000002,5395
1833,455,0,70,1,"210P",1,16.41666667,0.0085,"bean","new",0,0,51.757,"0",6466.000002,5395
1835,545,0,119,1,"210P",1,16.41666667,0.0085,"bean","new",0,0,51.757,"0",6466.000002,5395
1837,677,0,120,1,"210P",1,16.41666667,0.0085,"bean","new",0,0,51.757,"0",6466.000002,5395
1839,802,0,163,1,"210P",1,16.41666667,0.0085,"bean","new",0,0,51.757,"0",6466.000002,5395
1841,967,0,63,1,"210P",1,16.41666667,0.0085,"bean","new",0,0,51.757,"0",6466.000002,5395
1843,1055,0,20,1,"210P",1,16.41666667,0.0085,"bean","new",0,0,51.757,"0",6466.000002,5395
1845,1144,0,56,1,"210P",1,16.41666667,0.0085,"bean","new",0,0,51.757,"0",6466.000002,5395
1847,2473,0,24,1,"210P",1,16.41666667,0.0085,"bean","new",0,0,51.757,"0",6466.000002,5395
1849,2502,0,24,1,"210P",1,16.41666667,0.0085,"bean","new",0,0,51.757,"0",6466.000002,5395
1851,2578,0,24,1,"210P",1,16.41666667,0.0085,"bean","new",0,0,51.757,"0",6466.000002,5395
1853,2629,0,51,1,"210P",1,16.41666667,0.0085,"bean","new",0,0,51.757,"0",6466.000002,5395
1855,2686,0,23,1,"210P",1,16.41666667,0.0085,"bean","new",0,0,51.757,"0",6466.000002,5395
1857,2713,0,43,1,"210P",1,16.41666667,0.0085,"bean","new",0,0,51.757,"0",6466.000002,5395
1859,2800,0,23,1,"210P",1,16.41666667,0.0085,"bean","new",0,0,51.757,"0",6466.000002,5395
1861,2868,0,107,1,"210P",1,16.41666667,0.0085,"bean","new",0,0,51.757,"0",6466.000002,5395
1863,2998,0,99,1,"210P",1,16.41666667,0.0085,"bean","new",0,0,51.757,"0",6466.000002,5395
1865,3125,0,352,1,"210P",1,16.41666667,0.0085,"bean","new",0,0,51.757,"0",6466.000002,5395
1867,3479,0,117,1,"210P",1,16.41666667,0.0085,"bean","new",0,0,51.757,"0",6466.000002,5395
1869,3635,0,60,1,"210P",1,16.41666667,0.0085,"bean","new",0,0,51.757,"0",6466.000002,5395
1871,3696,0,26,1,"210P",1,16.41666667,0.0085,"bean","new",0,0,51.757,"0",6466.000002,5395
1873,3724,0,30,1,"210P",1,16.41666667,0.0085,"bean","new",0,0,51.757,"0",6466.000002,5395
1875,3779,0,29,1,"210P",1,16.41666667,0.0085,"bean","new",0,0,51.757,"0",6466.000002,5395
1877,3815,0,56,1,"210P",1,16.41666667,0.0085,"bean","new",0,0,51.757,"0",6466.000002,5395
1879,3916,0,287,1,"210P",1,16.41666667,0.0085,"bean","new",0,0,51.757,"0",6466.000002,5395
1881,4207,0,120,1,"210P",1,16.41666667,0.0085,"bean","new",0,0,51.757,"0",6466.000002,5395
1883,4334,0,50,1,"210P",1,16.41666667,0.0085,"bean","new",0,0,51.757,"0",6466.000002,5395
1885,4385,0,29,1,"210P",1,16.41666667,0.0085,"bean","new",0,0,51.757,"0",6466.000002,5395
1887,4415,0,55,1,"210P",1,16.41666667,0.0085,"bean","new",0,0,51.757,"0",6466.000002,5395
1889,4475,0,41,1,"210P",1,16.41666667,0.0085,"bean","new",0,0,51.757,"0",6466.000002,5395
1891,4520,0,44,1,"210P",1,16.41666667,0.0085,"bean","new",0,0,51.757,"0",6466.000002,5395
1893,4595,0,21,1,"210P",1,16.41666667,0.0085,"bean","new",0,0,51.757,"0",6466.000002,5395
1895,4625,0,50,1,"210P",1,16.41666667,0.0085,"bean","new",0,0,51.757,"0",6466.000002,5395
1897,4728,0,41,1,"210P",1,16.41666667,0.0085,"bean","new",0,0,51.757,"0",6466.000002,5395
1899,4775,0,135,1,"210P",1,16.41666667,0.0085,"bean","new",0,0,51.757,"0",6466.000002,5395
1901,4914,0,104,1,"210P",1,16.41666667,0.0085,"bean","new",0,0,51.757,"0",6466.000002,5395
1903,5030,0,44,1,"210P",1,16.41666667,0.0085,"bean","new",0,0,51.757,"0",6466.000002,5395
1905,5075,0,34,1,"210P",1,16.41666667,0.0085,"bean","new",0,0,51.757,"0",6466.000002,5395
1908,224,0,21,1,"211P",1,5.5,0.0133,"pea","used",1,0,42.102,"1",1180.9999998,1176
1910,249,0,29,1,"211P",1,5.5,0.0133,"pea","used",1,0,42.102,"1",1180.9999998,1176
1912,763,0,29,1,"211P",1,5.5,0.0133,"pea","used",1,0,42.102,"1",1180.9999998,1176
1915,7,0,70,1,"213P",1,4.583333333,0.0179,"bean","new",0,0,42.618,"0",7090.999998,5395
1917,102,0,42,1,"213P",1,4.583333333,0.0179,"bean","new",0,0,42.618,"0",7090.999998,5395
1919,145,0,35,1,"213P",1,4.583333333,0.0179,"bean","new",0,0,42.618,"0",7090.999998,5395
1921,192,0,22,1,"213P",1,4.583333333,0.0179,"bean","new",0,0,42.618,"0",7090.999998,5395
1923,222,0,59,1,"213P",1,4.583333333,0.0179,"bean","new",0,0,42.618,"0",7090.999998,5395
1925,298,0,31,1,"213P",1,4.583333333,0.0179,"bean","new",0,0,42.618,"0",7090.999998,5395
1927,347,0,60,1,"213P",1,4.583333333,0.0179,"bean","new",0,0,42.618,"0",7090.999998,5395
1929,453,0,21,1,"213P",1,4.583333333,0.0179,"bean","new",0,0,42.618,"0",7090.999998,5395
1931,585,0,26,1,"213P",1,4.583333333,0.0179,"bean","new",0,0,42.618,"0",7090.999998,5395
1933,624,0,47,1,"213P",1,4.583333333,0.0179,"bean","new",0,0,42.618,"0",7090.999998,5395
1935,672,0,52,1,"213P",1,4.583333333,0.0179,"bean","new",0,0,42.618,"0",7090.999998,5395
1937,1928,0,30,1,"213P",1,4.583333333,0.0179,"bean","new",0,0,42.618,"0",7090.999998,5395
1939,1975,0,151,1,"213P",1,4.583333333,0.0179,"bean","new",0,0,42.618,"0",7090.999998,5395
1941,2152,0,20,1,"213P",1,4.583333333,0.0179,"bean","new",0,0,42.618,"0",7090.999998,5395
1943,2174,0,27,1,"213P",1,4.583333333,0.0179,"bean","new",0,0,42.618,"0",7090.999998,5395
1945,2202,0,179,1,"213P",1,4.583333333,0.0179,"bean","new",0,0,42.618,"0",7090.999998,5395
1947,2383,0,33,1,"213P",1,4.583333333,0.0179,"bean","new",0,0,42.618,"0",7090.999998,5395
1949,2442,0,198,1,"213P",1,4.583333333,0.0179,"bean","new",0,0,42.618,"0",7090.999998,5395
1951,2652,0,30,1,"213P",1,4.583333333,0.0179,"bean","new",0,0,42.618,"0",7090.999998,5395
1953,2686,0,29,1,"213P",1,4.583333333,0.0179,"bean","new",0,0,42.618,"0",7090.999998,5395
1955,2728,0,477,1,"213P",1,4.583333333,0.0179,"bean","new",0,0,42.618,"0",7090.999998,5395
1957,3221,0,67,1,"213P",1,4.583333333,0.0179,"bean","new",0,0,42.618,"0",7090.999998,5395
1959,3298,0,43,1,"213P",1,4.583333333,0.0179,"bean","new",0,0,42.618,"0",7090.999998,5395
1961,3372,0,29,1,"213P",1,4.583333333,0.0179,"bean","new",0,0,42.618,"0",7090.999998,5395
1963,3402,0,26,1,"213P",1,4.583333333,0.0179,"bean","new",0,0,42.618,"0",7090.999998,5395
1965,3462,0,29,1,"213P",1,4.583333333,0.0179,"bean","new",0,0,42.618,"0",7090.999998,5395
1967,3497,0,24,1,"213P",1,4.583333333,0.0179,"bean","new",0,0,42.618,"0",7090.999998,5395
1969,3524,0,27,1,"213P",1,4.583333333,0.0179,"bean","new",0,0,42.618,"0",7090.999998,5395
1971,3552,0,56,1,"213P",1,4.583333333,0.0179,"bean","new",0,0,42.618,"0",7090.999998,5395
1973,3612,0,33,1,"213P",1,4.583333333,0.0179,"bean","new",0,0,42.618,"0",7090.999998,5395
1975,3646,0,25,1,"213P",1,4.583333333,0.0179,"bean","new",0,0,42.618,"0",7090.999998,5395
1977,3697,0,37,1,"213P",1,4.583333333,0.0179,"bean","new",0,0,42.618,"0",7090.999998,5395
1979,3757,0,1554,1,"213P",1,4.583333333,0.0179,"bean","new",0,0,42.618,"0",7090.999998,5395
1981,5331,0,64,0,"213P",1,4.583333333,0.0179,"bean","new",0,0,42.618,"0",7090.999998,5395
1984,318,0,23,1,"215P",1,8.416666667,0.0122,"bean","used",0,0,45.08766667,"0",1786.9999998,1782
1986,378,0,29,1,"215P",1,8.416666667,0.0122,"bean","used",0,0,45.08766667,"0",1786.9999998,1782
1988,415,0,22,1,"215P",1,8.416666667,0.0122,"bean","used",0,0,45.08766667,"0",1786.9999998,1782
1990,444,0,20,1,"215P",1,8.416666667,0.0122,"bean","used",0,0,45.08766667,"0",1786.9999998,1782
211,1,0,22,1,"216P",1,6.5,0.0124,"bean","new",1,1,35.44733333,"2",6499.000002,5395
4100,39,0,113,1,"216P",1,6.5,0.0124,"bean","new",1,1,35.44733333,"2",6499.000002,5395
6100,169,0,105,1,"216P",1,6.5,0.0124,"bean","new",1,1,35.44733333,"2",6499.000002,5395
8100,276,0,518,1,"216P",1,6.5,0.0124,"bean","new",1,1,35.44733333,"2",6499.000002,5395
10100,800,0,209,1,"216P",1,6.5,0.0124,"bean","new",1,1,35.44733333,"2",6499.000002,5395
12100,1010,0,29,1,"216P",1,6.5,0.0124,"bean","new",1,1,35.44733333,"2",6499.000002,5395
14100,1040,0,76,1,"216P",1,6.5,0.0124,"bean","new",1,1,35.44733333,"2",6499.000002,5395
16100,1125,0,154,1,"216P",1,6.5,0.0124,"bean","new",1,1,35.44733333,"2",6499.000002,5395
18100,1310,0,28,1,"216P",1,6.5,0.0124,"bean","new",1,1,35.44733333,"2",6499.000002,5395
209,1453,0,36,1,"216P",1,6.5,0.0124,"bean","new",1,1,35.44733333,"2",6499.000002,5395
2210,1508,0,41,1,"216P",1,6.5,0.0124,"bean","new",1,1,35.44733333,"2",6499.000002,5395
2410,1550,0,29,1,"216P",1,6.5,0.0124,"bean","new",1,1,35.44733333,"2",6499.000002,5395
2610,1580,0,29,1,"216P",1,6.5,0.0124,"bean","new",1,1,35.44733333,"2",6499.000002,5395
2810,1610,0,42,1,"216P",1,6.5,0.0124,"bean","new",1,1,35.44733333,"2",6499.000002,5395
3010,1700,0,223,1,"216P",1,6.5,0.0124,"bean","new",1,1,35.44733333,"2",6499.000002,5395
3210,1937,0,89,1,"216P",1,6.5,0.0124,"bean","new",1,1,35.44733333,"2",6499.000002,5395
3410,2056,0,35,1,"216P",1,6.5,0.0124,"bean","new",1,1,35.44733333,"2",6499.000002,5395
3610,2096,0,59,1,"216P",1,6.5,0.0124,"bean","new",1,1,35.44733333,"2",6499.000002,5395
3810,2176,0,183,1,"216P",1,6.5,0.0124,"bean","new",1,1,35.44733333,"2",6499.000002,5395
4010,2360,0,131,1,"216P",1,6.5,0.0124,"bean","new",1,1,35.44733333,"2",6499.000002,5395
4210,2630,0,21,1,"216P",1,6.5,0.0124,"bean","new",1,1,35.44733333,"2",6499.000002,5395
4410,2660,0,29,1,"216P",1,6.5,0.0124,"bean","new",1,1,35.44733333,"2",6499.000002,5395
4610,2727,0,22,1,"216P",1,6.5,0.0124,"bean","new",1,1,35.44733333,"2",6499.000002,5395
4810,2750,0,27,1,"216P",1,6.5,0.0124,"bean","new",1,1,35.44733333,"2",6499.000002,5395
5010,2780,0,62,1,"216P",1,6.5,0.0124,"bean","new",1,1,35.44733333,"2",6499.000002,5395
5210,2866,0,34,1,"216P",1,6.5,0.0124,"bean","new",1,1,35.44733333,"2",6499.000002,5395
5410,2920,0,27,1,"216P",1,6.5,0.0124,"bean","new",1,1,35.44733333,"2",6499.000002,5395
5610,2967,0,23,1,"216P",1,6.5,0.0124,"bean","new",1,1,35.44733333,"2",6499.000002,5395
5810,2997,0,66,1,"216P",1,6.5,0.0124,"bean","new",1,1,35.44733333,"2",6499.000002,5395
6010,3088,0,21,1,"216P",1,6.5,0.0124,"bean","new",1,1,35.44733333,"2",6499.000002,5395
6210,3110,0,40,1,"216P",1,6.5,0.0124,"bean","new",1,1,35.44733333,"2",6499.000002,5395
6410,3167,0,23,1,"216P",1,6.5,0.0124,"bean","new",1,1,35.44733333,"2",6499.000002,5395
6610,3192,0,71,1,"216P",1,6.5,0.0124,"bean","new",1,1,35.44733333,"2",6499.000002,5395
6810,3273,0,66,1,"216P",1,6.5,0.0124,"bean","new",1,1,35.44733333,"2",6499.000002,5395
7010,3356,0,53,1,"216P",1,6.5,0.0124,"bean","new",1,1,35.44733333,"2",6499.000002,5395
7210,3410,0,29,1,"216P",1,6.5,0.0124,"bean","new",1,1,35.44733333,"2",6499.000002,5395
7410,3440,0,113,1,"216P",1,6.5,0.0124,"bean","new",1,1,35.44733333,"2",6499.000002,5395
7610,3558,0,143,1,"216P",1,6.5,0.0124,"bean","new",1,1,35.44733333,"2",6499.000002,5395
7810,3745,0,21,1,"216P",1,6.5,0.0124,"bean","new",1,1,35.44733333,"2",6499.000002,5395
8010,3851,0,23,1,"216P",1,6.5,0.0124,"bean","new",1,1,35.44733333,"2",6499.000002,5395
8210,3876,0,118,1,"216P",1,6.5,0.0124,"bean","new",1,1,35.44733333,"2",6499.000002,5395
8410,4035,0,34,1,"216P",1,6.5,0.0124,"bean","new",1,1,35.44733333,"2",6499.000002,5395
8610,4070,0,327,1,"216P",1,6.5,0.0124,"bean","new",1,1,35.44733333,"2",6499.000002,5395
8810,4399,0,104,1,"216P",1,6.5,0.0124,"bean","new",1,1,35.44733333,"2",6499.000002,5395
9010,4521,0,29,1,"216P",1,6.5,0.0124,"bean","new",1,1,35.44733333,"2",6499.000002,5395
9210,4566,0,26,1,"216P",1,6.5,0.0124,"bean","new",1,1,35.44733333,"2",6499.000002,5395
9410,4611,0,162,1,"216P",1,6.5,0.0124,"bean","new",1,1,35.44733333,"2",6499.000002,5395
9610,4777,0,25,1,"216P",1,6.5,0.0124,"bean","new",1,1,35.44733333,"2",6499.000002,5395
9810,4807,0,27,1,"216P",1,6.5,0.0124,"bean","new",1,1,35.44733333,"2",6499.000002,5395
10010,4835,0,30,1,"216P",1,6.5,0.0124,"bean","new",1,1,35.44733333,"2",6499.000002,5395
10210,4868,0,48,1,"216P",1,6.5,0.0124,"bean","new",1,1,35.44733333,"2",6499.000002,5395
10410,4925,0,136,1,"216P",1,6.5,0.0124,"bean","new",1,1,35.44733333,"2",6499.000002,5395
10610,5236,0,158,1,"216P",1,6.5,0.0124,"bean","new",1,1,35.44733333,"2",6499.000002,5395
2098,90,0,29,1,"217P",1,8.583333333,0.0178,"bean","used",0,0,43.929,"0",2302.0000002,2297
2100,120,0,29,1,"217P",1,8.583333333,0.0178,"bean","used",0,0,43.929,"0",2302.0000002,2297
2102,180,0,209,1,"217P",1,8.583333333,0.0178,"bean","used",0,0,43.929,"0",2302.0000002,2297
2104,420,0,31,1,"217P",1,8.583333333,0.0178,"bean","used",0,0,43.929,"0",2302.0000002,2297
2106,509,0,30,1,"217P",1,8.583333333,0.0178,"bean","used",0,0,43.929,"0",2302.0000002,2297
2108,540,0,23,1,"217P",1,8.583333333,0.0178,"bean","used",0,0,43.929,"0",2302.0000002,2297
2110,564,0,64,1,"217P",1,8.583333333,0.0178,"bean","used",0,0,43.929,"0",2302.0000002,2297
2112,629,0,163,1,"217P",1,8.583333333,0.0178,"bean","used",0,0,43.929,"0",2302.0000002,2297
2117,2131,0,45,1,"221P",1,6.333333333,0.0171,"bean","used",0,0,54.89266667,"0",2434.9999998,2430
2119,2193,0,29,1,"221P",1,6.333333333,0.0171,"bean","used",0,0,54.89266667,"0",2434.9999998,2430
2123,1066,0,23,1,"223P",1,12.83333333,0.0092,"bean","used",0,0,47.072,"0",7909.999998,5395
2125,1199,0,1655,1,"223P",1,12.83333333,0.0092,"bean","used",0,0,47.072,"0",7909.999998,5395
2127,2855,0,2540,0,"223P",1,12.83333333,0.0092,"bean","used",0,0,47.072,"0",7909.999998,5395
2129,163,0,24,1,"225P",1,2.666666667,0.0153,"bean","used",0,0,51.32633333,"0",3304.0000002,3299
2131,189,0,41,1,"225P",1,2.666666667,0.0153,"bean","used",0,0,51.32633333,"0",3304.0000002,3299
2133,232,0,56,1,"225P",1,2.666666667,0.0153,"bean","used",0,0,51.32633333,"0",3304.0000002,3299
2135,554,0,26,1,"225P",1,2.666666667,0.0153,"bean","used",0,0,51.32633333,"0",3304.0000002,3299
2137,603,0,21,1,"225P",1,2.666666667,0.0153,"bean","used",0,0,51.32633333,"0",3304.0000002,3299
2139,643,0,36,1,"225P",1,2.666666667,0.0153,"bean","used",0,0,51.32633333,"0",3304.0000002,3299
2141,726,0,38,1,"225P",1,2.666666667,0.0153,"bean","used",0,0,51.32633333,"0",3304.0000002,3299
2143,776,0,23,1,"225P",1,2.666666667,0.0153,"bean","used",0,0,51.32633333,"0",3304.0000002,3299
2145,801,0,30,1,"225P",1,2.666666667,0.0153,"bean","used",0,0,51.32633333,"0",3304.0000002,3299
2147,943,0,43,1,"225P",1,2.666666667,0.0153,"bean","used",0,0,51.32633333,"0",3304.0000002,3299
2149,2515,0,21,1,"225P",1,2.666666667,0.0153,"bean","used",0,0,51.32633333,"0",3304.0000002,3299
2151,3002,0,46,1,"225P",1,2.666666667,0.0153,"bean","used",0,0,51.32633333,"0",3304.0000002,3299
2153,3057,0,30,1,"225P",1,2.666666667,0.0153,"bean","used",0,0,51.32633333,"0",3304.0000002,3299
2155,3095,0,29,1,"225P",1,2.666666667,0.0153,"bean","used",0,0,51.32633333,"0",3304.0000002,3299
2158,339,0,26,1,"226P",1,14.33333333,0.008,"bean","used",1,1,53.724,"2",2890.0000002,2885
2160,1080,0,26,1,"226P",1,14.33333333,0.008,"bean","used",1,1,53.724,"2",2890.0000002,2885
2162,1153,0,21,1,"226P",1,14.33333333,0.008,"bean","used",1,1,53.724,"2",2890.0000002,2885
2164,1209,0,37,1,"226P",1,14.33333333,0.008,"bean","used",1,1,53.724,"2",2890.0000002,2885
2166,1248,0,88,1,"226P",1,14.33333333,0.008,"bean","used",1,1,53.724,"2",2890.0000002,2885
2168,1338,0,36,1,"226P",1,14.33333333,0.008,"bean","used",1,1,53.724,"2",2890.0000002,2885
2170,1412,0,57,1,"226P",1,14.33333333,0.008,"bean","used",1,1,53.724,"2",2890.0000002,2885
2172,1496,0,56,1,"226P",1,14.33333333,0.008,"bean","used",1,1,53.724,"2",2890.0000002,2885
2174,1555,0,26,1,"226P",1,14.33333333,0.008,"bean","used",1,1,53.724,"2",2890.0000002,2885
2176,1633,0,48,1,"226P",1,14.33333333,0.008,"bean","used",1,1,53.724,"2",2890.0000002,2885
2178,1683,0,86,1,"226P",1,14.33333333,0.008,"bean","used",1,1,53.724,"2",2890.0000002,2885
2180,1771,0,109,1,"226P",1,14.33333333,0.008,"bean","used",1,1,53.724,"2",2890.0000002,2885
2182,1882,0,109,1,"226P",1,14.33333333,0.008,"bean","used",1,1,53.724,"2",2890.0000002,2885
2184,1994,0,77,1,"226P",1,14.33333333,0.008,"bean","used",1,1,53.724,"2",2890.0000002,2885
2186,2073,0,114,1,"226P",1,14.33333333,0.008,"bean","used",1,1,53.724,"2",2890.0000002,2885
2188,2189,0,56,1,"226P",1,14.33333333,0.008,"bean","used",1,1,53.724,"2",2890.0000002,2885
2190,2259,0,50,1,"226P",1,14.33333333,0.008,"bean","used",1,1,53.724,"2",2890.0000002,2885
2192,2311,0,42,1,"226P",1,14.33333333,0.008,"bean","used",1,1,53.724,"2",2890.0000002,2885
2195,76,0,22,1,"228P",1,2.5,0.014,"bean","used",0,0,55.472,"0",11832,5395
2197,145,0,80,1,"228P",1,2.5,0.014,"bean","used",0,0,55.472,"0",11832,5395
2199,312,0,28,1,"228P",1,2.5,0.014,"bean","used",0,0,55.472,"0",11832,5395
2201,343,0,27,1,"228P",1,2.5,0.014,"bean","used",0,0,55.472,"0",11832,5395
2203,381,0,35,1,"228P",1,2.5,0.014,"bean","used",0,0,55.472,"0",11832,5395
2205,439,0,25,1,"228P",1,2.5,0.014,"bean","used",0,0,55.472,"0",11832,5395
2207,466,0,36,1,"228P",1,2.5,0.014,"bean","used",0,0,55.472,"0",11832,5395
2209,505,0,29,1,"228P",1,2.5,0.014,"bean","used",0,0,55.472,"0",11832,5395
2211,546,0,35,1,"228P",1,2.5,0.014,"bean","used",0,0,55.472,"0",11832,5395
2213,867,0,22,1,"228P",1,2.5,0.014,"bean","used",0,0,55.472,"0",11832,5395
2215,907,0,81,1,"228P",1,2.5,0.014,"bean","used",0,0,55.472,"0",11832,5395
2217,1205,0,27,1,"228P",1,2.5,0.014,"bean","used",0,0,55.472,"0",11832,5395
2219,1241,0,56,1,"228P",1,2.5,0.014,"bean","used",0,0,55.472,"0",11832,5395
2221,1299,0,31,1,"228P",1,2.5,0.014,"bean","used",0,0,55.472,"0",11832,5395
2223,1360,0,79,1,"228P",1,2.5,0.014,"bean","used",0,0,55.472,"0",11832,5395
2225,1441,0,52,1,"228P",1,2.5,0.014,"bean","used",0,0,55.472,"0",11832,5395
2227,1682,0,424,1,"228P",1,2.5,0.014,"bean","used",0,0,55.472,"0",11832,5395
2229,2146,0,34,1,"228P",1,2.5,0.014,"bean","used",0,0,55.472,"0",11832,5395
2231,2189,0,31,1,"228P",1,2.5,0.014,"bean","used",0,0,55.472,"0",11832,5395
2233,2223,0,73,1,"228P",1,2.5,0.014,"bean","used",0,0,55.472,"0",11832,5395
2235,2350,0,174,1,"228P",1,2.5,0.014,"bean","used",0,0,55.472,"0",11832,5395
2237,2526,0,27,1,"228P",1,2.5,0.014,"bean","used",0,0,55.472,"0",11832,5395
2239,2555,0,44,1,"228P",1,2.5,0.014,"bean","used",0,0,55.472,"0",11832,5395
2241,2608,0,20,1,"228P",1,2.5,0.014,"bean","used",0,0,55.472,"0",11832,5395
2243,2852,0,257,1,"228P",1,2.5,0.014,"bean","used",0,0,55.472,"0",11832,5395
2245,3111,0,165,1,"228P",1,2.5,0.014,"bean","used",0,0,55.472,"0",11832,5395
2247,3347,0,37,1,"228P",1,2.5,0.014,"bean","used",0,0,55.472,"0",11832,5395
2249,3454,0,198,1,"228P",1,2.5,0.014,"bean","used",0,0,55.472,"0",11832,5395
2251,3954,0,87,1,"228P",1,2.5,0.014,"bean","used",0,0,55.472,"0",11832,5395
2253,4307,0,22,1,"228P",1,2.5,0.014,"bean","used",0,0,55.472,"0",11832,5395
2255,4363,0,62,1,"228P",1,2.5,0.014,"bean","used",0,0,55.472,"0",11832,5395
2257,4429,0,21,1,"228P",1,2.5,0.014,"bean","used",0,0,55.472,"0",11832,5395
2259,4452,0,32,1,"228P",1,2.5,0.014,"bean","used",0,0,55.472,"0",11832,5395
2261,4707,0,36,1,"228P",1,2.5,0.014,"bean","used",0,0,55.472,"0",11832,5395
2263,5051,0,107,1,"228P",1,2.5,0.014,"bean","used",0,0,55.472,"0",11832,5395
2265,5180,0,25,1,"228P",1,2.5,0.014,"bean","used",0,0,55.472,"0",11832,5395
2267,5271,0,23,1,"228P",1,2.5,0.014,"bean","used",0,0,55.472,"0",11832,5395
2271,1,0,82,1,"81P",1,20.75,0.0088,"bean","used",0,0,56.50866667,"0",454.99999998,453
2275,2,0,45,1,"103P",1,18,0.0124,"pea","used",0,0,40.228,"0",61.99999998,62
2279,7,0,1163,1,"133P",1,11.83333333,0.0109,"bean","new",0,0,55.389,"0",39004.000002,5395
2281,1213,0,4182,0,"133P",1,11.83333333,0.0109,"bean","new",0,0,55.389,"0",39004.000002,5395
2272,1,0,28,1,"137P",1,12.91666667,0.0201,"pea","new",0,0,56.86533333,"0",7633.000002,5395
4102,30,0,1015,1,"137P",1,12.91666667,0.0201,"pea","new",0,0,56.86533333,"0",7633.000002,5395
6101,1046,0,89,1,"137P",1,12.91666667,0.0201,"pea","new",0,0,56.86533333,"0",7633.000002,5395
8101,1139,0,27,1,"137P",1,12.91666667,0.0201,"pea","new",0,0,56.86533333,"0",7633.000002,5395
10101,1167,0,23,1,"137P",1,12.91666667,0.0201,"pea","new",0,0,56.86533333,"0",7633.000002,5395
12101,1286,0,4109,0,"137P",1,12.91666667,0.0201,"pea","new",0,0,56.86533333,"0",7633.000002,5395
2295,42,0,163,1,"138P",1,2.833333333,0.0112,"bean","new",0,0,64.74333333,"0",15274.999998,5395
2297,231,0,3027,1,"138P",1,2.833333333,0.0112,"bean","new",0,0,64.74333333,"0",15274.999998,5395
2299,3296,0,136,1,"138P",1,2.833333333,0.0112,"bean","new",0,0,64.74333333,"0",15274.999998,5395
2301,3436,0,21,1,"138P",1,2.833333333,0.0112,"bean","new",0,0,64.74333333,"0",15274.999998,5395
2303,3476,0,404,1,"138P",1,2.833333333,0.0112,"bean","new",0,0,64.74333333,"0",15274.999998,5395
2305,3898,0,1497,0,"138P",1,2.833333333,0.0112,"bean","new",0,0,64.74333333,"0",15274.999998,5395
2307,19,0,5376,0,"141P",1,6.833333333,0.019,"bean","new",0,0,58.09666667,"0",18919.000002,5395
2309,13,0,5382,0,"161P",1,7.5,0.0168,"bean","used",0,0,60.39666667,"0",31785,5395
2312,16,0,3849,1,"171P",1,4.916666667,0.0125,"bean","used",1,0,47.607,"1",36712.000002,5395
2314,3887,0,156,1,"171P",1,4.916666667,0.0125,"bean","used",1,0,47.607,"1",36712.000002,5395
2316,4071,0,1324,0,"171P",1,4.916666667,0.0125,"bean","used",1,0,47.607,"1",36712.000002,5395
2319,18,0,28,1,"183P",1,12.25,0.0113,"bean","used",1,0,48.10633333,"1",19159.999998,5395
2321,167,0,44,1,"183P",1,12.25,0.0113,"bean","used",1,0,48.10633333,"1",19159.999998,5395
2323,230,0,3610,1,"183P",1,12.25,0.0113,"bean","used",1,0,48.10633333,"1",19159.999998,5395
2325,3911,0,22,1,"183P",1,12.25,0.0113,"bean","used",1,0,48.10633333,"1",19159.999998,5395
2327,3937,0,1458,0,"183P",1,12.25,0.0113,"bean","used",1,0,48.10633333,"1",19159.999998,5395
2283,1,0,58,1,"184P",1,11.41666667,0.0135,"bean","used",0,0,47.79433333,"0",84,84
2284,1,0,22,1,"205P",1,7.083333333,0.0138,"pea","new",0,0,51.61933333,"0",55.00000002,54
