"ID","Time","Duration","Current","Intensive","Extensive","Resting","Depart","Status","Age","Starve","Mass","Aphid","Agar","Brush","Harass","LeafArea","PRT","brush.harass","FirstActive"
"101P",0,519,"Intensive",0,1,0,0,1,2,18,0.0221,"pea","used",0,0,49.78133333,873,"0",869
"102P",0,147,"Intensive",0,1,0,0,1,1,15.91666667,0.0137,"pea","used",0,0,47.362,190.00000002,"0",186
"102P",157,10,"Intensive",0,1,0,0,1,1,15.91666667,0.0137,"pea","used",0,0,47.362,190.00000002,"0",186
"108P",0,487,"Intensive",0,1,0,0,1,1,4,0.0234,"pea","used",0,0,60.24866667,1363.0000002,"0",1359
"109P",350,55,"Intensive",0,0,1,0,1,1,19.66666667,0.0127,"bean","used",0,0,57.53433333,21087,"0",405
"110P",36,63,"Intensive",0,1,0,0,1,1,4.666666667,0.0201,"bean","used",0,0,62.14033333,2980.0000002,"0",125
"111P",0,315,"Intensive",0,1,0,0,1,1,18.75,0.0151,"pea","used",0,0,76.931,1564.9999998,"0",1561
"111P",431,362,"Intensive",0,1,0,0,1,1,18.75,0.0151,"pea","used",0,0,76.931,1564.9999998,"0",1561
"111P",991,348,"Intensive",0,1,0,0,1,1,18.75,0.0151,"pea","used",0,0,76.931,1564.9999998,"0",1561
"112P",0,184,"Intensive",0,1,0,0,1,1,18.83333333,0.0138,"pea","used",0,0,52.42466667,534,"0",530
"115P",0,797,"Intensive",0,1,0,0,1,1,14.91666667,0.0142,"pea","used",0,0,51.90166667,4957.9999998,"0",1938
"116P",28,24,"Intensive",0,1,0,0,1,1,14.08333333,0.0147,"bean","used",0,0,49.00266667,91.00000002,"0",91
"120P",626,80,"Intensive",0,1,0,0,1,1,8.416666667,0.0227,"pea","used",0,0,60.24433333,3912,"0",3908
"120P",1266,84,"Intensive",0,1,0,0,1,1,8.416666667,0.0227,"pea","used",0,0,60.24433333,3912,"0",3908
"121P",0,439,"Intensive",0,1,0,0,1,1,2.25,0.0194,"pea","used",0,0,47.50933333,855,"0",851
"122P",0,679,"Intensive",0,1,0,0,1,2,2.166666667,0.0322,"pea","used",0,0,42.62066667,20649,"0",1157
"125P",0,765,"Intensive",0,1,0,0,1,1,3.25,0.0312,"pea","used",0,0,48.76833333,3442.9999998,"0",1177
"125P",847,330,"Intensive",0,0,1,0,1,1,3.25,0.0312,"pea","used",0,0,48.76833333,3442.9999998,"0",1177
"127P",53,214,"Intensive",0,0,1,0,1,1,23.98333333,0.011,"bean","used",1,1,42.96666667,7362,"2",267
"131P",0,82,"Intensive",0,1,0,0,1,1,4.5,0.0153,"pea","used",0,0,46.09766667,42802.000002,"0",338
"131P",100,21,"Intensive",0,1,0,0,1,1,4.5,0.0153,"pea","used",0,0,46.09766667,42802.000002,"0",338
"131P",198,24,"Intensive",0,1,0,0,1,1,4.5,0.0153,"pea","used",0,0,46.09766667,42802.000002,"0",338
"131P",232,27,"Intensive",0,1,0,0,1,1,4.5,0.0153,"pea","used",0,0,46.09766667,42802.000002,"0",338
"132P",525,150,"Intensive",0,1,0,0,1,1,6.25,0.0118,"pea","used",0,0,44.36066667,3913.0000002,"0",1192
"136P",180,49,"Intensive",0,1,0,0,1,1,11.91666667,0.017,"pea","new",0,0,47.13966667,1191,"0",437
"138P",0,20,"Intensive",0,1,0,0,1,1,2.833333333,0.0112,"bean","new",0,0,64.74333333,15274.999998,"0",41
"138P",25,16,"Intensive",0,0,1,0,1,1,2.833333333,0.0112,"bean","new",0,0,64.74333333,15274.999998,"0",41
"142P",142,52,"Intensive",0,1,0,0,1,1,13.41666667,0.0213,"pea","new",1,0,50.149,9720,"1",2516
"142P",435,43,"Intensive",0,1,0,0,1,1,13.41666667,0.0213,"pea","new",1,0,50.149,9720,"1",2516
"142P",788,41,"Intensive",0,1,0,0,1,1,13.41666667,0.0213,"pea","new",1,0,50.149,9720,"1",2516
"142P",1035,88,"Intensive",0,0,1,0,1,1,13.41666667,0.0213,"pea","new",1,0,50.149,9720,"1",2516
"148P",80,110,"Intensive",0,0,1,0,1,1,6.083333333,0.0158,"pea","used",0,0,52.68366667,6673.000002,"0",190
"149P",1686,243,"Intensive",0,0,1,0,1,1,6.333333333,0.0183,"pea","used",0,0,44.99766667,2667,"0",1929
"154P",43,55,"Intensive",0,1,0,0,1,1,3.083333333,0.0204,"bean","used",1,1,46.75866667,283.00000002,"2",279
"156P",45,78,"Intensive",0,0,0,1,1,1,2.333333333,0.0208,"bean","used",0,0,42.92233333,1863,"0",123
"158P",246,578,"Intensive",0,1,0,0,1,1,8.083333333,0.0224,"pea","used",0,0,50.29466667,4762.0000002,"0",2414
"158P",1788,174,"Intensive",0,1,0,0,1,1,8.083333333,0.0224,"pea","used",0,0,50.29466667,4762.0000002,"0",2414
"159P",107,51,"Intensive",0,1,0,0,1,1,8.166666667,0.0176,"bean","used",1,0,45.603,8602.999998,"1",270
"159P",232,38,"Intensive",0,0,1,0,1,1,8.166666667,0.0176,"bean","used",1,0,45.603,8602.999998,"1",270
"160P",0,276,"Intensive",0,1,0,0,1,1,12,0.0197,"bean","used",1,0,51.86266667,337.99999998,"1",334
"166P",0,124,"Intensive",0,1,0,0,1,1,7.583333333,0.0152,"bean","used",0,0,48.32666667,535.99999998,"0",532
"167P",0,54,"Intensive",0,1,0,0,1,1,10.25,0.0161,"bean","used",1,1,53.061,15771,"2",78
"168P",0,152,"Intensive",0,1,0,0,1,1,9.75,0.0143,"pea","used",0,0,45.90566667,2953.0000002,"0",2949
"168P",671,90,"Intensive",0,1,0,0,1,1,9.75,0.0143,"pea","used",0,0,45.90566667,2953.0000002,"0",2949
"168P",1241,93,"Intensive",0,1,0,0,1,1,9.75,0.0143,"pea","used",0,0,45.90566667,2953.0000002,"0",2949
"168P",1562,105,"Intensive",0,1,0,0,1,1,9.75,0.0143,"pea","used",0,0,45.90566667,2953.0000002,"0",2949
"168P",2651,120,"Intensive",0,1,0,0,1,1,9.75,0.0143,"pea","used",0,0,45.90566667,2953.0000002,"0",2949
"173P",34,30,"Intensive",0,1,0,0,1,1,12.41666667,0.0155,"pea","used",1,0,68.82433333,136.00000002,"1",132
"174P",0,72,"Intensive",0,1,0,0,1,1,4.833333333,0.0169,"bean","used",1,0,52.979,9846,"1",211
"174P",107,25,"Intensive",0,1,0,0,1,1,4.833333333,0.0169,"bean","used",1,0,52.979,9846,"1",211
"174P",166,45,"Intensive",0,0,1,0,1,1,4.833333333,0.0169,"bean","used",1,0,52.979,9846,"1",211
"175P",0,27,"Intensive",0,1,0,0,1,1,20.08333333,0.0203,"pea","used",0,0,49.109,130.00000002,"0",126
"175P",36,22,"Intensive",0,1,0,0,1,1,20.08333333,0.0203,"pea","used",0,0,49.109,130.00000002,"0",126
"177P",0,775,"Intensive",0,1,0,0,1,1,12.25,0.0138,"pea","used",0,0,50.58333333,15793.000002,"0",1971
"178P",0,71,"Intensive",0,1,0,0,1,1,10.08333333,0.0224,"pea","used",0,0,51.23733333,1038,"0",1034
"181P",0,168,"Intensive",0,1,0,0,1,1,9,0.0202,"bean","used",0,0,51.75633333,1341,"0",1337
"186P",0,12,"Intensive",0,1,0,0,1,1,4.916666667,0.0165,"bean","new",0,0,51.50933333,1731,"0",50
"186P",25,25,"Intensive",0,0,1,0,1,1,4.916666667,0.0165,"bean","new",0,0,51.50933333,1731,"0",50
"189P",0,57,"Intensive",0,1,0,0,1,1,20.08333333,0.0066,"bean","new",1,1,50.99733333,139.00000002,"2",134
"202P",0,77,"Intensive",0,1,0,0,1,1,18.08333333,0.0093,"pea","new",0,0,48.26666667,154.00000002,"0",149
"203P",0,21,"Intensive",0,1,0,0,1,1,4.833333333,0.0147,"pea","new",0,0,62.552,196.99999998,"0",192
"204P",0,183,"Intensive",0,1,0,0,1,1,18.16666667,0.0097,"pea","new",0,0,54.15666667,931.0000002,"0",926
"204P",651,275,"Intensive",0,0,0,1,1,1,18.16666667,0.0097,"pea","new",0,0,54.15666667,931.0000002,"0",926
"206P",249,67,"Intensive",0,1,0,0,1,1,16.33333333,0.0097,"bean","new",0,0,37.05566667,5581.9999998,"0",449
"208P",757,250,"Intensive",0,1,0,0,1,1,7,0.0135,"pea","new",0,0,41.79933333,1873.9999998,"0",1869
"210P",113,97,"Intensive",0,0,1,0,1,1,16.41666667,0.0085,"bean","new",0,0,51.757,6466.000002,"0",210
"211P",0,159,"Intensive",0,1,0,0,1,1,5.5,0.0133,"pea","used",1,0,42.102,1180.9999998,"1",223
"214P",943,231,"Intensive",0,1,0,0,1,1,5.666666667,0.0132,"pea","used",0,0,51.13833333,1257,"0",1252
"215P",0,110,"Intensive",0,1,0,0,1,1,8.416666667,0.0122,"bean","used",0,0,45.08766667,1786.9999998,"0",317
"219P",0,57,"Intensive",0,1,0,0,1,1,14.66666667,0.0138,"pea","used",0,0,55.50733333,319.00000002,"0",314
"220P",0,59,"Intensive",0,1,0,0,1,1,15.66666667,0.016,"pea","used",1,1,53.908,199.99999998,"2",195
"221P",1527,102,"Intensive",0,1,0,0,1,1,6.333333333,0.0171,"bean","used",0,0,54.89266667,2434.9999998,"0",2130
"221P",1945,185,"Intensive",0,0,1,0,1,1,6.333333333,0.0171,"bean","used",0,0,54.89266667,2434.9999998,"0",2130
"222P",191,41,"Intensive",0,1,0,0,1,1,8.333333333,0.0145,"bean","used",1,1,59.41866667,357,"2",352
"222P",263,23,"Intensive",0,1,0,0,1,1,8.333333333,0.0145,"bean","used",1,1,59.41866667,357,"2",352
"223P",0,52,"Intensive",0,1,0,0,1,1,12.83333333,0.0092,"bean","used",0,0,47.072,7909.999998,"0",1065
"226P",0,43,"Intensive",0,1,0,0,1,1,14.33333333,0.008,"bean","used",1,1,53.724,2890.0000002,"2",338
"230P",433,320,"Intensive",0,1,0,0,1,1,2,0.0173,"bean","used",1,0,49.69833333,2373,"1",2368
"61P",0,305,"Intensive",0,1,0,0,1,2,21,0.0189,"pea","new",0,0,31.86666667,5845.0000002,"0",560
"64P",270,91,"Intensive",0,1,0,0,1,2,22.75,0.0176,"pea","new",0,0,34.33333333,445.00000002,"0",446
"65P",162,231,"Intensive",0,0,1,0,1,2,23.16666667,0.0222,"pea","new",1,1,31.4,1579.0000002,"2",393
"66P",730,272,"Intensive",0,1,0,0,1,2,22.25,0.015,"pea","new",0,0,32.3,1162.0000002,"0",1158
"68P",0,716,"Intensive",0,1,0,0,1,2,20.08333333,0.0207,"pea","new",0,0,42.335,904.9999998,"0",901
"69P",0,179,"Intensive",0,1,0,0,1,2,20.25,0.0225,"pea","new",0,0,32.774,337.99999998,"0",334
"71P",509,102,"Intensive",0,1,0,0,1,2,16.16666667,0.02,"bean","new",0,0,45.222,780,"0",779
"73P",0,32,"Intensive",0,1,0,0,1,1,19,0.0133,"pea","used",1,1,41.33266667,66,"2",62
"75P",0,41,"Intensive",0,1,0,0,1,1,19.25,0.0086,"bean","used",1,1,47.91633333,124.99999998,"2",121
"76P",171,43,"Intensive",0,1,0,0,1,1,17.66666667,0.0093,"pea","used",0,0,36.65233333,319.99999998,"0",316
"77P",592,132,"Intensive",0,1,0,0,1,1,18.33333333,0.0094,"pea","used",1,0,44.679,1209,"1",1205
"80P",551,284,"Intensive",0,1,0,0,1,2,19.33333333,0.0224,"pea","used",0,0,45.22466667,1008,"0",1003
"83P",0,40,"Intensive",0,1,0,0,1,2,19.75,0.0225,"pea","used",1,1,45.327,415.99999998,"2",412
"83P",200,30,"Intensive",0,1,0,0,1,2,19.75,0.0225,"pea","used",1,1,45.327,415.99999998,"2",412
"83P",251,45,"Intensive",0,1,0,0,1,2,19.75,0.0225,"pea","used",1,1,45.327,415.99999998,"2",412
"85P",0,181,"Intensive",0,1,0,0,1,2,17.08333333,0.0174,"pea","used",0,0,37.894,1095,"0",1091
"85P",585,150,"Intensive",0,1,0,0,1,2,17.08333333,0.0174,"pea","used",0,0,37.894,1095,"0",1091
"85P",884,207,"Intensive",0,0,0,1,1,2,17.08333333,0.0174,"pea","used",0,0,37.894,1095,"0",1091
"91P",965,328,"Intensive",0,0,0,1,1,2,14.41666667,0.021,"bean","used",0,0,50.318,1297.0000002,"0",1293
"97P",80,143,"Intensive",0,0,1,0,1,1,16.41666667,0.0086,"bean","used",0,0,41.01666667,7342.999998,"0",223
"98P",76,35,"Intensive",0,1,0,0,1,1,16.33333333,0.0128,"bean","used",0,0,53.375,172.99999998,"0",173
"98P",131,42,"Intensive",0,0,0,1,1,1,16.33333333,0.0128,"bean","used",0,0,53.375,172.99999998,"0",173
